address,isERC20,type
0xd8912c10681d8b21fd3742244f44658dba12264e,True,1
0x08d32b0da63e2c3bcf8019c9c5d849d7a9d791e6,True,1
0x607f4c5bb672230e8672085532f7e901544a7375,True,1
0x0d8775f648430679a709e98d2b0cb6250d2887ef,True,1
0x595832f8fc6bf59c85c527fec3740a1b7a361269,True,1
0x1f573d6fb3f13d689ff844b4ce37794d79a7ff1c,True,1
0xb64ef51c888972c908cfacf59b47c1afbc0ab8ac,True,1
0xb63b606ac810a52cca15e44bb630fd42d8d1d83d,True,1
0x4470bb87d77b963a013db939be332f927f2b992e,True,1
0xd26114cd6ee289accf82350c8d8487fedb8a0c07,True,1
0x419d0d8bdd9af5e606ae2232ed285aff190e711b,True,1
0xd4fa1460f537bb9085d22c7bccb5dd450ef28e3a,True,1
0x41e5560054824ea6b0732e656e3ad64e20e94e45,True,1
0x0abdace70d3790235af448c88547603b945604ea,True,1
0x4156d3342d5c385a87d264f90653733592000581,True,1
0xe41d2489571d322189246dafa5ebde1f4699f498,True,1
0x0f5d2fb29fb7d3cfee444a200298f468908cc942,True,1
0xf230b790e05390fc8295f4d3f60332c93bed42e2,True,1
0xa8006c4ca56f24d6836727d106349320db7fef82,True,1
0xdd974d5c2e2928dea5f71b9825b8b646686bd200,True,1
0x514910771af9ca656af840dff83e8264ecf986ca,True,1
0x0000000000b3f879cb30fe243b4dfee438691c04,True,1
0x4dc3643dbc642b72c158e7f3d2ff232df61cb6ce,True,1
0xd0929d411954c47438dc1d871dd6081f5c5e149c,True,1
0xf629cbd94d3791c9250152bd8dfbdf380e2a3b9c,True,1
0x8f8221afbb33998d8584a2b05749ba73c37a938a,True,1
0xba9d4199fab4f26efe3551d490e3821486f135ba,True,1
0x9f8f72aa9304c8b593d555f12ef6589cc3a579a2,True,1
0xdac17f958d2ee523a2206206994597c13d831ec7,True,1
0xc02aaa39b223fe8d0a0e5c4f27ead9083c756cc2,True,1
0x89d24a6b4ccb1b6faa2625fe562bdd9a23260359,True,1
0xbf2179859fc6d5bee9bf9158632dc51678a4100e,True,1
0x8eb24319393716668d768dcec29356ae9cffe285,True,1
0x408e41876cccdc0f92210600ef50372656052a38,True,1
0x8377ee6d3545bc6ff1425ee3015dc648b149c7b2,True,1
0xff32d68d8a4608fba6b51f07d1f138a63a149211,True,1
0x4cc19356f2d37338b9802aa8e8fc58b0373296e7,True,1
0x5732046a883704404f284ce41ffadd5b007fd668,True,1
0xb6ee9668771a79be7967ee29a63d4184f8097143,True,1
0xaa7a9ca87d3694b5755f213b5d04094b8d0f0a6f,True,1
0x9992ec3cf6a55b00978cddf2b27bc6882d88d1ec,True,1
0x6c6ee5e31d828de241282b9606c8e98ea48526e2,True,1
0x9a0242b7a33dacbe40edb927834f96eb39f8fbcb,True,1
0x4a527d8fc13c5203ab24ba0944f4cb14658d1db6,True,1
0x457a57e931cba4dff5ce8500cc0dff18356df041,True,1
0x93ed3fbe21207ec2e8f2d3c3de6e058cb73bc04d,True,1
0xc12d099be31567add4e4e4d0d45691c3f58f5663,True,1
0x2f141ce366a2462f02cea3d12cf93e4dca49e4fd,True,1
0x4a220e6096b25eadb88358cb44068a3248254675,True,1
0xaaaebe6fe48e54f431b0c390cfaf0b017d09d42d,True,1
0xb62132e35a6c13ee1ee0f84dc5d40bad8d815206,True,1
0x58b6a8a3302369daec383334672404ee733ab239,True,1
0xaf1250fa68d7decd34fd75de8742bc03b29bd58e,True,1
0xee4458e052b533b1aabd493b5f8c4d85d7b263dc,True,1
0x5d4abc77b8405ad177d8ac6682d584ecbfd46cec,True,1
0x4e15361fd6b4bb609fa63c81a2be19d873717870,True,1
0x7b0c06043468469967dba22d1af33d77d44056c8,True,1
0x7865af71cf0b288b4e7f654f4f7851eb46a2b7f8,True,1
0x7995ab36bb307afa6a683c24a25d90dc1ea83566,True,1
0xb26631c6dda06ad89b93c71400d25692de89c068,True,1
0x9469d013805bffb7d3debe5e7839237e535ec483,True,1
0x159cf1e9ae58211b588f5e3bf1d7e423952d959b,True,1
0x3506424f91fd33084466f402d5d97f05f8e3b4af,True,1
0x2157a7894439191e520825fe9399ab8655e0f708,True,1
0x1822126feedb4c7d61eecdbe3682fe61e91383d6,True,1
0x2260fac5e5542a773aa44fbcfedf7c193bc2c599,True,1
0x04abeda201850ac0124161f037efd70c74ddc74c,True,1
0xb7c4a82936194fee52a4e3d4cec3415f74507532,True,1
0x5cf04716ba20127f1e2297addcf4b5035000c9eb,True,1
0x4f9254c83eb525f9fcf346490bbb3ed28a81c667,True,1
0x8290333cef9e6d528dd5618fb97a76f268f3edd4,True,1
0xed6b0dc3aa8de5908ab857a70cb2ff657d9b6c5d,True,1
0x0488401c3f535193fa8df029d9ffe615a06e74e6,True,1
0xead7f3ae4e0bb0d8785852cc37cc9d0b5e75c06a,True,1
0x20910e5b5f087f6439dfcb0dda4e27d1014ac2b8,True,1
0xf25c91c87e0b1fd9b4064af0f427157aab0193a7,True,1
0x082582c4271f3f6dd5f4306cbcac822076516c53,True,1
0xe5a3229ccb22b6484594973a03a3851dcd948756,True,1
0xbbbbca6a901c926f240b89eacb641d8aec7aeafd,True,1
0x7de91b204c1c737bcee6f000aaa6569cf7061cb7,True,1
0x7d1afa7b718fb893db30a3abc0cfc608aacfebb0,True,1
0x4ddc2d193948926d02f9b1fe9e1daa0718270ed5,True,1
0x39aa39c021dfbae8fac545936693ac917d5e7563,True,1
0x9cec686ba6f07d6135b2091140c795166ef5b761,True,1
0x8762db106b2c2a0bccb3a80d1ed41273552616e8,True,1
0x193408ca0576b73156ed42a2ea7d6fd3f6507162,True,1
0xd7c49cee7e9188cca6ad8ff264c1da2e69d4cf3b,True,1
0x13339fd07934cd674269726edf3b5ccee9dd93de,True,1
0xdf574c24545e5ffecb9a659c229253d4111d87e1,True,1
0xe5caef4af8780e59df925470b050fb23c43ca68c,True,1
0xaa7fb1c8ce6f18d4fd4aabb61a2193d4d441c54f,True,1
0x8b81c72924725a9e7fa016d5c0c35f07b16a70c0,True,1
0x8ce9137d39326ad0cd6491fb5cc0cba0e089b6a9,True,1
0xd6a55c63865affd67e2fb9f284f87b7a9e5ff3bd,True,1
0x466912baa9430a4a460b141ee8c580d817441449,True,1
0x5864c777697bf9881220328bf2f16908c9afcd7e,True,1
0xba11d00c5f74255f56a5e366f4f77f5a186d7f55,True,1
0x34950ff2b487d9e5282c5ab342d08a2f712eb79f,True,1
0x40fd72257597aa14c7231a7b1aaa29fce868f677,True,1
0x3212b29e33587a00fb1c83346f5dbfa69a458923,True,1
0x3845badade8e6dff049820680d1f14bd3903a5d0,True,1
0x6b175474e89094c44da98b954eedeac495271d0f,True,1
0xcd62b1c403fa761baadfc74c525ce2b51780b184,True,1
0x6bc1f3a1ae56231dbb64d3e82e070857eae86045,True,1
0x84ca8bc7997272c7cfb4d0cd3d55cd942b3c9419,True,1
0x2b591e99afe9f32eaa6214f7b7629768c40eeb39,True,1
0x70d2b7c19352bb76e4409858ff5746e500f2b67c,True,1
0x0316eb71485b0ab14103307bf65a021042c6d380,True,1
0x2fe39f22eac6d3c1c86dd9d143640ebb94609fce,True,1
0x37236cd05b34cc79d3715af2383e96dd7443dcf1,True,1
0x7c5d5100b339fe7d995a893af6cb496b9474373c,True,1
0xfc1e690f61efd961294b3e1ce3313fbd8aa4f85d,True,1
0x4da9b813057d04baef4e5800e36083717b4a0341,True,1
0x9ba00d6856a4edf4665bca2c2309936572473b7e,True,1
0x71fc860f7d3a592a4a98740e39db31d25db65ae8,True,1
0x625ae63000f46200499120b906716420bd059240,True,1
0x7d2d3688df45ce7c552e19c27e007673da9204b8,True,1
0xe1ba0fb44ccb0d11b80f92f4f8ed94ca3ff51d00,True,1
0x3a3a65aab0dd2a17e3f1947ba16138cd37d08c04,True,1
0xa64bd6c70cb9051f6a9ba1f163fdc07e0dfb5f84,True,1
0x9d91be44c06d373a8a226e1f3b146956083803eb,True,1
0x71010a9d003445ac60c4e6a7017c1e89a477b438,True,1
0x7deb5e830be29f91e298ba5ff1356bb7f8146998,True,1
0x6fce4a401b6b80ace52baaefe4421bd188e76f6f,True,1
0x6fb0855c404e09c47c3fbca25f08d4e41f9f062f,True,1
0x328c4c80bc7aca0834db37e6600a6c49e12da4de,True,1
0xfc4b8ed459e00e5400be803a9bb3954234fd50e3,True,1
0xdfbc9050f5b01df53512dcc39b4f2b2bbacd517a,True,1
0x467bccd9d29f223bce8043b84e8c8b282827790f,True,1
0x86eee0422322710866af89e9cae3f7383d55310a,True,1
0xf4eda77f0b455a12f3eb44f8653835f377e36b76,True,1
0x16de59092dae5ccf4a1e6439d611fd0653f0bd01,True,1
0xd6ad7a6750a7593e092a9b218d66c0a814a3436e,True,1
0x83f798e925bcd4017eb265844fddabb448f1707d,True,1
0x73a052500105205d34daf004eab301916da8190f,True,1
0xdf5e0e81dff6faf3a7e52ba697820c5e32d806a8,True,1
0x845838df265dcd2c412a1dc9e959c7d08537f8a2,True,1
0x9424b1412450d0f8fc2255faf6046b98213b76bd,True,1
0xe5d1fab0c5596ef846dcc0958d6d0b20e1ec4498,True,1
0xc00e94cb662c3520282e6f5717214004a7f26888,True,1
0xce2810acf72a3ef57cb60436fa66e729bf65845f,True,1
0x40bdf58bf930ef272b21cdbd0bfdf0eac131aa9a,True,1
0xd5930c307d7395ff807f2921f12c5eb82131a789,True,1
0x6ee0f7bb50a54ab5253da0667b0dc2ee526c30a8,True,1
0x0e29e5abbb5fd88e28b2d355774e73bd47de3bcd,True,1
0x0ae055097c6d159879521c384f1d2123d1f195e6,True,1
0x976aa93ca5aaa569109f4267589c619a097f001d,True,1
0xe1c7e30c42c24582888c758984f6e382096786bd,True,1
0x491604c0fdf08347dd1fa4ee062a822a5dd06b5d,True,1
0x85eee30c52b0b379b046fb0f85f4f3dc3009afec,True,1
0x6c5ba91642f10282b576d91922ae6448c9d52f4e,True,1
0xf2c4cd54370ba23d3106f529ccb64b454cc0d4e2,True,1
0x5c69bee701ef814a2b6a3edd4b1652cb9cc5aa6f,True,1
0xb4e16d0168e52d35cacd2c6185b44281ec28c9dc,True,1
0xc76fb75950536d98fa62ea968e1d6b45ffea2a55,True,1
0xa478c2975ab1ea89e8196811f51a7b7ade33eb11,True,1
0xbe9375c6a420d2eeb258962efb95551a5b722803,True,1
0x9d5155fbffd5bbb7555f13819a5b435b7befdcbe,True,1
0xae461ca67b15dc8dc81ce7615e0320da1a9ab8d5,True,1
0xbb2b8038a1640196fbe3e38816f3e67cba72d940,True,1
0x598e740cda7c525080d3fcb9fa7c4e1bd0044b34,True,1
0x43ae24960e5534731fc831386c07755a2dc33d47,True,1
0xa2107fa5b38d9bbd2c461d6edf11b11a50f6b974,True,1
0x55d5c232d921b9eaa6b37b5845e439acd04b4dba,True,1
0xa5e79baee540f000ef6f23d067cd3ac22c7d9fe6,True,1
0xc2adda861f89bbb333c90c492cb837741916a225,True,1
0xc5be99a02c6857f9eac67bbce58df5572498f40c,True,1
0xa32523371390b0cc4e11f6bb236ecf4c2cdea101,True,1
0x01962144d41415cca072900fe87bbe2992a99f10,True,1
0x11b1f53204d03e5529f09eb3091939e4fd8c9cf3,True,1
0x2b6a25f7c54f43c71c743e627f5663232586c39f,True,1
0x8bd1661da98ebdd3bd080f0be4e6d9be8ce9858c,True,1
0x004375dff511095cc5a197a54140a24efef3a416,True,1
0x3041cbd36888becc7bbcbc0045e3b1f144466f5f,True,1
0x819f3450da6f110ba6ea52195b3beafa246062de,True,1
0xbf452277b8af4084fb8a0472ec808f2ded51f1c1,True,1
0x0d4a11d5eeaac28ec3f61d100daf4d40471f1852,True,1
0x87c9524237a19338be7dbcac01d6d208ff31136f,True,1
0x3185626c14acb9531d19560decb9d3e5e80681b1,True,1
0x1a58aa618df8f1ec282748fef6185c1a1cc2faa6,True,1
0xb4a0a46d3042a739ec76fd67a3f1b99cc12ac1d9,True,1
0x8878df9e1a7c87dcbf6d3999d997f262c05d8c70,True,1
0x51fe8e8fa3f9f10288fa8c2aff1400f887d21c42,True,1
0xe83c76c50033a5396d21ceff9fa192e2550d10ca,True,1
0xab9bef8242c2b97772ae239a5d71c60496a06334,True,1
0xc04744ab87a4c37afd91680ef280b96ee21a026e,True,1
0x3b3d4eefdc603b232907a7f3d0ed1eea5c62b5f7,True,1
0x0000000000004946c0e9f43f4dee607b0ef1fa1c,True,1
0xb20bd5d04be54f870d5c0d3ca85d82b34b836405,True,1
0x49849c98ae39fff122806c06791fa73784fb3675,True,1
0xa7de087329bfcda5639247f96140f9dabe3deed1,True,1
0x189f0c596064520a0eb45fe5a9ec50553b655861,True,1
0x0f641efbeff4be14762a276d4d3744ce40526653,True,1
0x92330d8818e8a3b50f027c819fa46031ffba2c8c,True,1
0x469eda64aed3a3ad6f868c44564291aa415cb1d9,True,1
0xc4ec4c9183bd585220f7495b54cfeb577f7e1efb,True,1
0x68198e4ed6975204b3467dc217166d9ff1cbb57a,True,1
0x329319ebe02eac3de77a9aa379d620ba653b2136,True,1
0xcffdded873554f362ac02f8fb1f02e5ada10516f,True,1
0x591102816799f43c68b6491b7a598ee3252e8f12,True,1
0x89ab32156e46f46d02ade3fecbe5fc4243b9aaed,True,1
0x77bbc2b409c2c75e4999e8e3eb8309efff37cf2d,True,1
0xba100000625a3754423978a60c9317c58a424e3d,True,1
0x162cb3a005c81dbd61f85b6a8c609189c026735c,True,1
0x01d2de06fca1aad808b2827445ad5c85a4b9598e,True,1
0x4ba6ddd7b89ed838fed25d208d4f644106e34279,True,1
0xf29992d7b589a0a6bd2de7be29a97a6eb73eaf85,True,1
0x3696fa5ad6e5c74fdcbced9af74379d94c4b775a,True,1
0x0d438f3b5175bebc262bf23753c1e53d03432bde,True,1
0x50f7517029c505933cb5d6e9c897245226f4317b,True,1
0x7fc95945eaa14e7a2954052a4c9bfbaa79d170ae,True,1
0x8cb77ea869def8f7fdeab9e4da6cf02897bbf076,True,1
0xa14dfbaa23ee8e8b69878381f8fd1d0bc502c043,True,1
0x92ad5f399a278754637d84e9cba7cf405c901b95,True,1
0x10cfa744c77f1cb9a77fa418ac4a1b6ec62bcce4,True,1
0xd90a1ba0cbaaaabfdc6c814cdf1611306a26e1f8,True,1
0x291c69fdaebd3cbe953843da243f8605a766a268,True,1
0xc6dc8f6a16eaf43318e49767947f681cfec92601,True,1
0x56d811088235f11c8920698a204a5010a788f4b3,True,1
0xa3bed4e1c75d00fa6f4e5e6922db7261b5e9acd2,True,1
0xb9b752f7f4a4680eeb327ffe728f46666763a796,True,1
0xfca59cd816ab1ead66534d82bc21e7515ce441cf,True,1
0xbc52dda0312bf75dd4018fdd54cb903f221b534d,True,1
0x712db54daa836b53ef1ecbb9c6ba3b9efb073f40,True,1
0x69948cc03f478b95283f7dbf1ce764d0fc7ec54c,True,1
0x0bc529c00c6401aef6d220be8c6ea1667f6ad93e,True,1
0x2d80f5f5328fdcb6eceb7cacf5dd8aedaec94e20,True,1
0x237cf2e759a3ede62821e6bfe737e6a00658acb8,True,1
0x2fdbadf3c4d5a8666bc06645b8358ab803996e28,True,1
0x86fef14c27c78deaeb4349fd959caa11fc5b5d75,True,1
0x1f832091faf289ed4f50fe7418cfbd2611225d46,True,1
0x1eff8af5d577060ba4ac8a29a13525bb0ee2a3d5,True,1
0x0a913bead80f321e7ac35285ee10d9d922659cb7,True,1
0xc3dd23a0a854b4f9ae80670f528094e9eb607ccb,True,1
0xdadf443c086f9d3c556ebc57c398a852f6a02898,True,1
0x5916953296edf0996a0e77488b3af450095e2a35,True,1
0x6a7ef4998eb9d0f706238756949f311a59e05745,True,1
0x5dbcf33d8c2e976c6b560249878e6f1491bca25c,True,1
0xae697f994fc5ebc000f8e22ebffee04612f98a0d,True,1
0x95ad61b0a150d79219dcf64e1e6cc01f0b64c4ce,True,1
0x811beed0119b4afce20d2583eb608c6f7af1954f,True,1
0x476c5e26a75bd202a9683ffd34359c0cc15be0ff,True,1
0x28cb7e841ee97947a86b06fa4090c8451f64c0be,True,1
0xade00c28244d5ce17d72e40330b1c318cd12b7c3,True,1
0x2ba592f78db6436527729929aaf6c908497cb200,True,1
0xddf9b7a31b32ebaf5c064c80900046c9e5b7c65f,True,1
0xcd1cb16a67937ff8af5d726e2681010ce1e9891a,True,1
0x1d6432aefeae2c0ff1393120541863822a4e6fa7,True,1
0x990f341946a3fdb507ae7e52d17851b87168017c,True,1
0x584bc13c7d411c00c01a62e8019472de68768430,True,1
0xfbeea1c75e4c4465cb2fccc9c6d6afe984558e20,True,1
0x38a94c4f4d9400643f0fb97198f90c93986f018e,True,1
0x002588d4948e32aba991e8df8d4de9aaa48e928b,True,1
0x1695936d6a953df699c38ca21c2140d497c08bd9,True,1
0x6094bed8dd8ab2e58eed0933b34c60928080d4dc,True,1
0x69e8b9528cabda89fe846c67675b5d73d463a916,True,1
0xd533a949740bb3306d119cc777fa900ba034cd52,True,1
0x6225f6d7ad5ea259a2227d3f39cf808f3098af6e,True,1
0x9e78b8274e1d6a76a0dbbf90418894df27cbceb5,True,1
0xdfea03ed1ec53116cd6ea45373cbb6e8823ef59d,True,1
0xd5525d397898e5502075ea5e830d8914f6f0affe,True,1
0x2baecdf43734f22fd5c152db08e3c27233f0c7d2,True,1
0x0ff6ffcfda92c53f615a4a75d982f399c989366b,True,1
0x5d269fac3b2e0552b0f34cdc253bdb427682a4b9,True,1
0x7240ac91f01233baaf8b064248e80feaa5912ba3,True,1
0xb1a824a6caf1f789aa7ca1072e36e83cd62ba3ee,True,1
0xb7277a6e95992041568d9391d09d0122023778a2,True,1
0x3986289adced5fef2cd10a7c55ba07c3ef87fb94,True,1
0x6a164da2cdae5f1836c8fe6d683c3df4a0a65e5c,True,1
0xfffffffff15abf397da76f1dcc1a1604f45126db,True,1
0x36f3fd68e7325a35eb768f1aedaae9ea0689d723,True,1
0x88ff79eb2bc5850f27315415da8685282c7610f9,True,1
0xdc47f2ba852669b178699449e50682d6ceaf8c07,True,1
0xf21661d0d1d76d3ecb8e1b9f1c923dbfffae4097,True,1
0xe275eb6154cb4a73f0ba573e43b2b06e9e78b7f0,True,1
0x5bc25f649fc4e26069ddf4cf4010f9f706c23831,True,1
0xb3f39c3108cd45e1112d8bc9ae3cd5a110a7cebd,True,1
0x6b3595068778dd592e39a122f4f5a5cf09c90fe2,True,1
0xa150db9b1fa65b44799d4dd949d922c0a33ee606,True,1
0x12e51e77daaa58aa0e9247db7510ea4b46f9bead,True,1
0x06a01a4d579479dd5d884ebf61a31727a3d8d442,True,1
0x73ee6d7e6b203125add89320e9f343d65ec7c39a,True,1
0x0f3ce875cd56870ec7915e0fa247a202685888c5,True,1
0x4fe83213d56308330ec302a8bd641f1d0113a4cc,True,1
0xa0246c9032bc3a600820415ae600c6388619a14d,True,1
0xda6079123266c5dfc4024d488e72a7003d275e3b,True,1
0x514906fc121c7878424a5c928cad1852cc545892,True,1
0x27c70cd1946795b66be9d954418546998b546634,True,1
0x666d875c600aa06ac1cf15641361dec3b00432ef,True,1
0xad19b7e2b1dac6cea46b18eec731981c08e6f08e,True,1
0xb1191f691a355b43542bea9b8847bc73e7abb137,True,1
0x006699d34aa3013605d468d2755a2fe59a16b12b,True,1
0x874376be8231dad99aabf9ef0767b3cc054c60ee,True,1
0x173f8ee61c0fe712cae2a2fc8d5c0ccdda57e6da,True,1
0xc0aee478e3658e2610c5f7a4a2e1777ce9e4f2ac,True,1
0x5f64ab1544d28732f0a24f4713c2c8ec0da089f0,True,1
0x6c3f90f043a72fa612cbac8115ee7e52bde6e490,True,1
0x758f4f55d7d00c3dac1155069351526775206f2a,True,1
0x00a8b738e453ffd858a7edf03bccfe20412f0eb0,True,1
0xa49b3c7c260ce8a7c665e20af8aa6e099a86cf8a,True,1
0x0391d2021f89dc339f60fff84546ea23e337750f,True,1
0x066798d9ef0833ccc719076dab77199ecbd178b0,True,1
0x78b6174cc8a3848251704b8a5ced7f86e5d8ddf1,True,1
0x5365b5bc56493f08a38e5eb08e36cbbe6fcc8306,True,1
0xe5c5227d8105d8d5f26ff3634eb52e2d7cc15b50,True,1
0x1cd926f3e12f7b6c2833fbe7277ac53d529a794e,True,1
0x06da0fd433c1a5d7a4faa01111c044910a184553,True,1
0x054f76beed60ab6dbeb23502178c52d6c5debe40,True,1
0xae95d3198d602acfb18f9188d733d710e14a27dd,True,1
0x9deb29c9a4c7a88a3c0257393b7f3335338d9a9d,True,1
0x3aa370aacf4cb08c7e1e7aa8e8ff9418d73c7e0f,True,1
0x15d4c048f83bd7e37d49ea4c83a07267ec4203da,True,1
0x001b6450083e531a5a7bf310bd2c1af4247e23d4,True,1
0xa75f7c2f025f470355515482bde9efa8153536a8,True,1
0xcb2286d9471cc185281c4f763d34a962ed212962,True,1
0xc40d16476380e4037e6b1a2594caf6a6cc8da967,True,1
0xc3d03e4f041fd4cd388c549ee2a29a9e5075882f,True,1
0x397ff1542f962076d0bfe58ea045ffa2d347aca0,True,1
0x795065dcc9f64b5614c407a6efdc400da6221fb0,True,1
0x1494ca1f11d487c2bbe4543e90080aeba4ba3c2b,True,1
0xef4f1d5007b4ff88c1a56261fec00264af6001fb,True,1
0xd03b6ae96cae26b743a6207dcee7cbe60a425c70,True,1
0x4d5ef58aac27d99935e5b6b4a6778ff292059991,True,1
0x075190c6130ea0a3a7e40802f1d77f4ea8f38fe2,True,1
0x3fc5b61f3609fd5f90754fd07102a496ddd32743,True,1
0x74c99f3f5331676f6aec2756e1f39b4fc029a83e,True,1
0x8b59be2fc6fccc2256cc4841843a13ce29da16bd,True,1
0x6491f4cf9c084ef8fc055eaaf735bdceccf69370,True,1
0x9f703e1819707d55d79a9bbf0bdaaebbec579c13,True,1
0xceff51756c56ceffca006cd410b03ffc46dd3a58,True,1
0x1b87fde6af5396165fdadf7f532784622a824abf,True,1
0x8867f20c1c63baccec7617626254a060eeb0e61e,True,1
0x69692d3345010a207b759a7d1af6fc7f38b35c5e,True,1
0xb9f45edeffe5abd7a1a1dffc65068a065b98524d,True,1
0xf66369997ae562bc9eec2ab9541581252f9ca383,True,1
0x6463bd6026a2e7bfab5851b62969a92f7cca0eb6,True,1
0x3f382dbd960e3a9bbceae22651e88158d2791550,True,1
0xbe19c32b4cd202407e8eeb73e4e2949438461ae3,True,1
0x5cd136e8197be513b06d39730dc674b1e0f6b7da,True,1
0x1f9840a85d5af5bf1d1762f925bdaddc4201f984,True,1
0xd85a6ae55a7f33b0ee113c234d2ee308edeaf7fd,True,1
0x49e833337ece7afe375e44f4e3e8481029218e5c,True,1
0x1da01e84f3d4e6716f274c987ae4bee5dc3c8288,True,1
0x37e808f084101f75783612407e7c3f5f92d8ee3f,True,1
0x32a7c02e79c4ea1008dd6564b35f131428673c41,True,1
0x0b85b3000bef3e26e01428d1b525a532ea7513b8,True,1
0xd3d2e2692501a5c9ca623199d38826e513033a17,True,1
0xdafd66636e2561b0284edde37e42d192f2844d40,True,1
0xf2ddae89449b7d26309a5d54614b1fc99c608af5,True,1
0x47935edfb3cdd358c50f6c0add1cc24662e30f5f,True,1
0xf00e80f0de9aea0b33aa229a4014572777e422ee,True,1
0x4fce835c5093d0c76577956acf2f41a44848641d,True,1
0xd9159376499936868a5b061a4633481131e70732,True,1
0x4c508567eaea699f61483c933184d351e7ecb862,True,1
0xba13afecda9beb75de5c56bbaf696b880a5a50dd,True,1
0x62359ed7505efc61ff1d56fef82158ccaffa23d7,True,1
0x32ce7e48debdccbfe0cd037cc89526e4382cb81b,True,1
0x05d3606d5c81eb9b7b18530995ec9b29da05faba,True,1
0x73051b65e471782776cb8e1dd3be9ceebde546ae,True,1
0x7dcf71a9f45be4b0c028e3bfb78bdbce8c682e57,True,1
0xa4eed63db85311e22df4473f87ccfc3dadcfa3e3,True,1
0x09843b9137fc5935b7f3832152f9074db5d2d1ee,True,1
0x5218e472cfcfe0b64a064f055b43b4cdc9efd3a6,True,1
0x7ba9b94127d434182287de708643932ec036d365,True,1
0x53455f3b566d6968e9282d982dd1e038e78033ac,True,1
0xaf9f549774ecedbd0966c52f250acc548d3f36e5,True,1
0xf169cea51eb51774cf107c88309717dda20be167,True,1
0x4f4f0ef7978737ce928bff395529161b44e27ad9,True,1
0xb987d48ed8f2c468d52d6405624eadba5e76d723,True,1
0x338f7e5d19d9953b76dd81446b142c2d9fe03482,True,1
0xdb28312a8d26d59978d9b86ca185707b1a26725b,True,1
0x25e1474170c4c0aa64fa98123bdc8db49d7802fa,True,1
0x0f9768ee0914c48f65234cf10e8aeb6028c8426c,True,1
0x80c8c3dcfb854f9542567c8dac3f44d709ebc1de,True,1
0x816579230a4c61670eba15486c8357bf87ec307e,True,1
0x5fe808a4889b714496e7b821c8542e26be2f8f67,True,1
0xffc40f39806f1400d8278bfd33823705b5a4c196,True,1
0x8f30ba1f75ec27a014591789d117a1bb4703bff8,True,1
0x26ea1f595f6567b7050fbba24f6a66e19db4d560,True,1
0x2ec2a066dc6066e36027848f19279acbe040b9f3,True,1
0xeaa04ea9a674d755b9c2fd988d01f7a1c9d116da,True,1
0xbcb0d6df596463cab6e97b0cf408db618ecbc596,True,1
0xca3d6a94759cb675f0ac10a76fc0da6ee6bf6e7b,True,1
0xd9ec3ff1f8be459bb9369b4e79e9ebcf7141c093,True,1
0x967da4048cd07ab37855c090aaf366e4ce1b9f48,True,1
0x9b7dad79fc16106b47a3dab791f389c167e15eb0,True,1
0xa8c8cfb141a3bb59fea1e2ea6b79b5ecbcd7b6ca,True,1
0x05f21e62952566cefb77f5153ec6b83c14fb6b1d,True,1
0xcf3c8be2e2c42331da80ef210e9b1b307c03d36a,True,1
0x9d0b27912bc803ae407d4de5bf84889c4ecdbee7,True,1
0x83e6f1e41cdd28eaceb20cb649155049fac3d5aa,True,1
0xffa98a091331df4600f87c9164cd27e8a5cd2405,True,1
0xd622e61bdbb5f1d43614be5c6e86d572486b0888,True,1
0x913d8adf7ce6986a8cbfee5a54725d9eea4f0729,True,1
0x9f037de7565f47d570028661eb280b93391e7b3c,True,1
0xf346d00965776e504930675100c8e2871bd6530d,True,1
0xfef4185594457050cc9c23980d301908fe057bb1,True,1
0x67a630ac974165caadf80c6001bed10027bc91b3,True,1
0x8a649274e4d777ffc6851f13d23a86bbfa2f2fbf,True,1
0xb78b3320493a4efaa1028130c5ba26f0b6085ef8,True,1
0xf5b5efc906513b4344ebabcf47a04901f99f09f3,True,1
0xada86b1b313d1d5267e3fc0bb303f0a2b66d0ea7,True,1
0xd2967f45c4f384deea880f807be904762a3dea07,True,1
0x630d98424efe0ea27fb1b3ab7741907dffeaad78,True,1
0x362bc847a3a9637d3af6624eec853618a43ed7d2,True,1
0x9ceb84f92a0561fa3cc4132ab9c0b76a59787544,True,1
0xfe9a29ab92522d14fc65880d817214261d8479ae,True,1
0xb44853cc5d4ea327f08d4f97bc1f969262928126,True,1
0x87b839a2f695fe011bd80416b19a06704942f2e5,True,1
0x20945ca1df56d237fd40036d47e866c7dccd2114,True,1
0x04d0231162b4784b706908c787ce32bd075db9b7,True,1
0xcdff066edf8a770e9b6a7ae12f7cfd3dba0011b5,True,1
0x6b181c478b315be3f9e99c57ce926436c32e17a7,True,1
0x64cac8fa24f437ceca90e20a7a24a609f162b0d1,True,1
0x6c28aef8977c9b773996d0e8376d2ee379446f2f,True,1
0xe4f8f3cb9b33247789e4984a457bb69a1a621df3,True,1
0x0b2153b9289b71134853c726200cbdeaf5d5dd8c,True,1
0x1d4b2b2a2ca8762410801b51f128b73743439e39,True,1
0x3fa400483487a489ec9b1db29c4129063eec4654,True,1
0xb6ca7399b4f9ca56fc27cbff44f4d2e4eef1fc81,True,1
0x1ef61e3e5676ec182eed6f052f8920fd49c7f69a,True,1
0x840a1ae46b7364855206eb5b7286ab7e207e515b,True,1
0x72f020f8f3e8fd9382705723cd26380f8d0c66bb,True,1
0x874d8de5b26c9d9f6aa8d7bab283f9a9c6f777f4,True,1
0x9db640e18390d2408c71e9927d8518c79d5569c6,True,1
0x40ba9b6421d584cec10330f882c5a343d8466b71,True,1
0xf44419ce29d28cd611f887da183a5bc0e0460478,True,1
0xd2a98ce01478e46e3376f90a4fb5db3c40212d43,True,1
0x4691937a7508860f876c9c0a2a617e7d9e945d4b,True,1
0xe28b3b32b6c345a34ff64674606124dd5aceca30,True,1
0x47c0ad2ae6c0ed4bcf7bc5b380d7205e89436e84,True,1
0xba3d9687cf50fe253cd2e1cfeede1d6787344ed5,True,1
0x927cdb4137e6fbbb2afa835fab8a405a1eb0949b,True,1
0x3c70f4faea49e50adc8305f2e1aa0ea326a54ffc,True,1
0xc19b6a4ac7c7cc24459f08984bbd09664af17bd1,True,1
0xa1d6df714f91debf4e0802a542e13067f31b8262,True,1
0x9f344834752cb3a8c54c3ddcd41da4042b10d0b9,True,1
0x68e8a20128e1902c02f533a02ed0cfd8396e3fbc,True,1
0x1c7bbadc81e18f7177a95eb1593e5f5f35861b10,True,1
0x95a5543111343ab2a66a06bc663a1170acf050b9,True,1
0xca3fe04c7ee111f0bbb02c328c699226acf9fd33,True,1
0x6fad7d44640c5cd0120deec0301e8cf850becb68,True,1
0x6591c4bcd6d7a1eb4e537da8b78676c1576ba244,True,1
0x7df0b0dbd00d06203a0d2232282e33a5d2e5d5b0,True,1
0xb124541127a0a657f056d9dd06188c4f1b0e5aab,True,1
0x41958d44a780696a2f18b7ac3585eae9bbbf0799,True,1
0xe0438add89129061b62b881938efbe27609e9134,True,1
0xbea98c05eeae2f3bc8c3565db7551eb738c8ccab,True,1
0x1ceb5cb57c4d4e2b2433641b95dd330a33185a44,True,1
0x5f0a8554a31d43b4db5f0bdb898b5d2319b6ea48,True,1
0xed196f5f01e8c99ef4c6d77b83ccaf629032a8f2,True,1
0xf4128b00afda933428056d0f0d1d7652af7e2b35,True,1
0xaac41ec512808d64625576eddd580e7ea40ef8b2,True,1
0xa074139a4975318e7c011783031504d1c177f8ca,True,1
0xaef4f02e31cdbf007f8d98da4ae365188a0e9ecc,True,1
0xb753428af26e81097e7fd17f40c88aaa3e04902c,True,1
0x1e9ed2a6ae58f49b3f847eb9f301849c4a20b7e3,True,1
0x06f3c323f0238c72bf35011071f2b5b7f43a054c,True,1
0xc5fa164247d2f8d68804139457146efbde8370f6,True,1
0xa80c32c721d06c91dceffea78f184503c9046940,True,1
0x186ed770eecea82def7c92dcc077c4ba27acd5bd,True,1
0xc2fd29279a063ea7e83ed6b2f20e67afd4a95820,True,1
0x561af1ec26491a89e3907fb11eed479843240b62,True,1
0x8ab98c28295ea3bd2db6ac8b3ca57a625c054bd1,True,1
0xa40ec8a93293a3179d4b544239916c1b68cb47b6,True,1
0x0b38210ea11411557c13457d4da7dc6ea731b88a,True,1
0xd98f75b1a3261dab9eed4956c93f33749027a964,True,1
0xf043c39a106db6b58c76995f30ba35fd211c3b76,True,1
0x904304fa84848a886a2e8c9d5c691ceeb42724d3,True,1
0x28f72434d130029254fd04d772077d3bf08c032a,True,1
0x910524678c0b1b23ffb9285a81f99c29c11cbaed,True,1
0xb62a74f8be38cef3b00455b9989637349d4a1bc3,True,1
0x7866e48c74cbfb8183cd1a929cd9b95a7a5cb4f4,True,1
0xaeaf14ce56b052dfc2a2eb0654136ecf87821fbf,True,1
0x018b178c32101a54f673151ea904e247c30b4014,True,1
0x08e411220e47e3fc43bfb832186aba95108f2861,True,1
0x9c18a2f9545112ab2fcbdd228536562406a53232,True,1
0x3c49b44829207e7fd33e3bcc195117743f5516bd,True,1
0x9248c485b0b80f76da451f167a8db30f33c70907,True,1
0xe98f89a2b3aecdbe2118202826478eb02434459a,True,1
0xd23ac27148af6a2f339bd82d0e3cff380b5093de,True,1
0x5dc02ea99285e17656b8350722694c35154db1e8,True,1
0xe6c2e229c763ed3e1d5d57b3648aeb1d4011eacd,True,1
0xc76225124f3caab07f609b1d147a31de43926cd6,True,1
0x7afe74ae3c19f070c109a38c286684256adc656c,True,1
0x74428c82bc9da6c610f7ff33b949edb322c168e7,True,1
0x752efadc0a7e05ad1bcccda22c141d01a75ef1e4,True,1
0x324f1ec9cf397c669a48ee9511835a9f593e38c0,True,1
0x2cb95ccb77455b00e5e889e56005e4149b1dfa69,True,1
0x3465e124853b435a655e6426eb96555f9fe7b630,True,1
0xef93b5e962edd00dd83065f7f9b3c95acaf52599,True,1
0x8888801af4d980682e47f1a9036e589479e835c5,True,1
0x4d96369002fc5b9687ee924d458a7e5baa5df34e,True,1
0xe88f8313e61a97cec1871ee37fbbe2a8bf3ed1e4,True,1
0xe61fdaf474fac07063f2234fb9e60c1163cfa850,True,1
0xcceb09c6d9bb5e9eaed77475b610e6019af05cde,True,1
0xd5e2a54fef5f9e4a6b21ec646bbed7a160a00f18,True,1
0x4c8c259962982aad9b7a594345daa3edef865132,True,1
0x64c9cfa988bbe7b2df671af345bcf8fa904cebb8,True,1
0xbd2f0cd039e0bfcf88901c98c0bfac5ab27566e3,True,1
0x66e33d2605c5fb25ebb7cd7528e7997b0afa55e8,True,1
0x696708db871b77355d6c2be7290b27cf0bb9b24b,True,1
0x507d84fe072fe62a5f2e1f917be8cc58bdc53ef8,True,1
0xee06a81a695750e71a662b51066f2c74cf4478a0,True,1
0x3cf393b95a4fbf9b2bdfc2011fd6675cf51d3e5d,True,1
0xca54c398195fce98856888b0fd97a9470a140f71,True,1
0x226f7b842e0f0120b7e194d05432b3fd14773a9d,True,1
0x27af23d8db2a3fbce7d04e84f594285fb0059316,True,1
0x4981553e8ccf6df916b36a2d6b6f8fc567628a51,True,1
0x358aa737e033f34df7c54306960a38d09aabd523,True,1
0x661b599e21aaa09e3804824f78e99dc469a8876e,True,1
0xa47c8bf37f92abed4a126bda807a7b7498661acd,True,1
0x09a3ecafa817268f77be1283176b946c4ff2e608,True,1
0x3472a5a71965499acd81997a54bba8d852c6e53d,True,1
0xfba89efebf4c0c59bd121ebb370732eeddf7e020,True,1
0x3449fc1cd036255ba1eb19d65ff4ba2b8903a69a,True,1
0xa7ed29b253d8b4e3109ce07c80fc570f81b63696,True,1
0xd4405f0704621dbe9d4dea60e128e0c3b26bddbd,True,1
0x0379da7a5895d13037b6937b109fa8607a659adf,True,1
0xe2dd8b60735ec1fd75ddf557d2230640bbb3b572,True,1
0x4dd26482738be6c06c31467a19dcda9ad781e8c4,True,1
0x26607ac599266b21d13c7acf7942c7701a8b699c,True,1
0xda5e8e1c3596d3cc11a4dd5ad66b8f03b5410f8c,True,1
0xca45681d22809c7c4e804885b367cbc0ac51ec4b,True,1
0xb7bf8e4908ad1caf1a638b30ef80afc581fdc968,True,1
0x37fe4e17a70945b42d1753690b698c3f22b48c87,True,1
0xa212e747eba1435bdec511d3cab342e423eadc02,True,1
0xbce3076b0d8eb2f640d4089a4929fe8c1a438213,True,1
0xeae447b2e31b879299d79b2ef02f2649ed7cd1b9,True,1
0x9de0c020a50df672da5e627fe3dc86ba01c242b8,True,1
0x93b8cdac045c47d3eb4ef1ab02e0fcee850ff126,True,1
0xde5b7ff5b10cc5f8c95a2e2b643e3abf5179c987,True,1
0x374cb8c27130e2c9e04f44303f3c8351b9de61c1,True,1
0x71ed5fa0fde7b6dd8bc0dc25f7235d477e0faf77,True,1
0x44c21f5dcb285d92320ae345c92e8b6204be8cdf,True,1
0x9973bb0fe5f8df5de730776df09e946c74254fb3,True,1
0x447cb670d989caba674c8e582c3e29503722b340,True,1
0x189a730921550314934019d184ec05726881d481,True,1
0xe4ae305b08434bf3d74e0086592627f913a258a9,True,1
0xb5653dce3ae89de4b2b2238026eeb691fb094269,True,1
0xddccea2e951a1f5185fab36fb9c442dd462d33dc,True,1
0xc50ef7861153c51d383d9a7d48e6c9467fb90c38,True,1
0x97524f602706cdb64f9dfa71909ace06e98200b6,True,1
0x8ad66f7e0e3e3dc331d3dbf2c662d7ae293c1fe0,True,1
0x57ab5aeb8bac2586a0d437163c3eb844246336ce,True,1
0x37cee65899da4b1738412814155540c98dfd752c,True,1
0x5f0944e0eb92f7dfff7974f8b848b5312c65ac37,True,1
0xfcce65a70794bec59e5be38c85ebe71aedaa74ef,True,1
0x4b3ec6f5290f729e4b9b0ccfbb1dfaa118c078a2,True,1
0xdc99bdc0c6428addf4d1762560801f5d3447f9e0,True,1
0xab697d880c9faa10b0a87a134055915ef4efed4c,True,1
0x9dc696f1067a6b9929986283f6d316be9c9198fd,True,1
0xdc43e671428b4e7b7848ea92cd8691ac1b80903c,True,1
0xcaeaf8381d4b20b43afa42061d6f80319a8881f6,True,1
0xa0b6a0c11404b23a918ef534500d960d355f535a,True,1
0x5c460c0054fd472a821a5a601378f0d2bf02a9b4,True,1
0x566d81b8d0d0318ddac5499ecb369f0f185fe7b3,True,1
0x01ac08e821185b6d87e68c67f9dc79a8988688eb,True,1
0x23a9292830fc80db7f563edb28d2fe6fb47f8624,True,1
0xffe8df2f623bfd954d785809185beb291330c70d,True,1
0xfe3e6a25e6b192a42a44ecddcd13796471735acf,True,1
0x76e73543a14de519575d5efea050f9958b0b484f,True,1
0xc13eac3b4f9eed480045113b7af00f7b5655ece8,True,1
0x3459de17141dee94b12ee5816ff9650c0a99b371,True,1
0x54ee01beb60e745329e6a8711ad2d6cb213e38d7,True,1
0x66f473b96f0ae6e1cafe0113c1353ba43e381eda,True,1
0x92e187a03b6cd19cb6af293ba17f2745fd2357d5,True,1
0xc24ee3a1b395c600eb74eb8293c203c123abf71f,True,1
0xc944e90c64b2c07662a292be6244bdf05cda44a7,True,1
0x1c46a383f7890d69fda0221cf8ab27de5704d30a,True,1
0x66188ff542b2514f78e35c864c3bff9e3fcbabac,True,1
0x0c7e25e15e9f6818fa2770107b3ba565470bc8c5,True,1
0xc299004a310303d1c0005cb14c70ccc02863924d,True,1
0x503c2e33418ec5b7c8c1b2c38c3eac7735c0aad8,True,1
0x003e0af2916e598fa5ea5cb2da4edfda9aed9fde,True,1
0xe7c9c188138f7d70945d420d75f8ca7d8ab9c700,True,1
0x2cbfa9117c543a17efe0bb897f7e32f0d3f04130,True,1
0x8642a849d0dcb7a15a974794668adcfbe4794b56,True,1
0xee0457b6df22804c01309ca1b0b7708a6c6e0d8c,True,1
0xc1b6296e55b6ca1882a9cefd72ac246acde91414,True,1
0xc0ba369c8db6eb3924965e5c4fd0b4c1b91e305f,True,1
0x3cd1c0b98be4451ca51265bbaeb76cf7b31e1c02,True,1
0x853d955acef822db058eb8505911ed77f175b99e,True,1
0x3432b6a60d23ca0dfca7761b7ab56459d9c964d0,True,1
0xfd0a40bc83c5fae4203dec7e5929b446b07d1c76,True,1
0x97c4adc5d28a86f9470c70dd91dc6cc2f20d2d4d,True,1
0xe1573b9d29e2183b1af0e743dc2754979a40d237,True,1
0xecba967d84fcf0405f6b32bc45f4d36bfdbb2e81,True,1
0xcdd2bd61d07b8d42843175dd097a4858a8f764e7,True,1
0x8438d64da58772e9f7fceaa1506ba300f935abbd,True,1
0x038a68ff68c393373ec894015816e33ad41bd564,True,1
0xb4d930279552397bba2ee473229f89ec245bc365,True,1
0x7f1da3697236d4a5e0efd2a99de5d9c076937856,True,1
0x3593d125a4f7849a1b059e64f4517a86dd60c95d,True,1
0x9e15ad979919bb4db331bfe864475ae3bffeba93,True,1
0xc0897d6ba893e31f42f658eead777aa15b8f824d,True,1
0x2e81ec0b8b4022fac83a21b2f2b4b8f5ed744d70,True,1
0xdfa42ba0130425b21a1568507b084cc246fb0c8f,True,1
0xaadb00551312a3c2a8b46597a39ef1105afb2c08,True,1
0x5a98fcbea516cf06857215779fd812ca3bef1b32,True,1
0x77777feddddffc19ff86db637967013e6c6a116c,True,1
0x544288176bb6d7d198302a2d18fad38442e69b25,True,1
0x708da4bc0b6c1e3ca4b1f7ba8effb826ead8e18f,True,1
0x9d1233cc46795e94029fda81aaadc1455d510f15,True,1
0x323e054a6dd8762011d60993f51e23e2096b221f,True,1
0x0000000000095413afc295d19edeb1ad7b71c952,True,1
0x7924a818013f39cf800f5589ff1f1f0def54f31f,True,1
0xe7bf7fe480a707cf516b4dc431ea8958ab427220,True,1
0xc5ed7350e0fb3f780c756ba7d5d8539dc242a414,True,1
0xaacb0923580093e80305c50a9f84e002a54594d8,True,1
0xa08559fc50ebbbbce6feee99ebab31146e68890b,True,1
0x66a0f676479cee1d7373f3dc2e2952778bff5bd6,True,1
0x21b8065d10f73ee2e260e5b47d3344d3ced7596e,True,1
0xb3419f1ef282253296e92df6f85e113360a391f2,True,1
0x2aa3041fe813cfe572969216c6843c33f14f9194,True,1
0xd90e69f67203ebe02c917b5128629e77b4cd92dc,True,1
0xf1360c4ae1cead17b588ec1111983d2791b760d3,True,1
0x5bb29c33c4a3c29f56f8aca40b4db91d8a5fe2c5,True,1
0x26d8151e631608570f3c28bec769c3afee0d73a3,True,1
0x3ba3c8fb0142a6f2bf3e2990a08957866203f961,True,1
0x896dc58182c3b78598c11aa10f940257a1ce32b1,True,1
0x8e1d3ab094c1ee517b34cb2defd0ee9fe7658cea,True,1
0x963900b776365feffe3a7cb52658e60986c7c7f9,True,1
0x111111111117dc0aa78b770fa6a738034120c302,True,1
0x0bfdc04b38251394542586969e2356d0d731f7de,True,1
0xb1d38026062ac10feda072ca0e9b7e35f1f5795a,True,1
0x812b40c2ca7fabbac756475593fc8b1c313434fa,True,1
0x2c6264619d2f598a003d1c857e46edb95b22c75c,True,1
0xa09d1afae21bda81c06fd6de9bbd7c7ed7b6dfb1,True,1
0xcaa6361e4ad457b8f2e78a44662b0de3df646fd3,True,1
0x26aad2da94c59524ac0d93f6d6cbf9071d7086f2,True,1
0x34d0df862d12cb05e97ebf5b38725284966d0ad6,True,1
0x86e164258d73408527eff21694ad67696ccf9681,True,1
0x3246ac4f28148c75e18152ba4d80c93606555ad0,True,1
0x2e9a5f63e4d20cb865c87072a888a5ea72584b73,True,1
0xd932ba8adf16009e5571648e070f9eebb2f259c0,True,1
0x175586ac3f8a7463499d1019a30120aa6fc67c5f,True,1
0x83923dc30bd05f309d5c75b0f0dc58750215a677,True,1
0xbefeaa0335d842b31053b091d5e2ba5d6a696dbe,True,1
0x1dafac57c2f74cbc2736486309a009880ce4cbfc,True,1
0xf8cf4ccdd36f50ba00162e4add457d3d9c62f6d8,True,1
0xc9b395e7a910fecb0949514274de1fb9d3f37ee3,True,1
0xe86ed59e7ccc44e545d2fc4b100cc0349f153469,True,1
0x0afb6a6ba319202464c75ed09f2010d883257ca9,True,1
0x874dcf6a3f2dcf2d07e88718935184999c50709d,True,1
0x368b3a58b5f49392e5c9e4c998cb0bb966752e51,True,1
0x4b4d2e899658fb59b1d518b68fe836b100ee8958,True,1
0xae17f4f5ca32f77ea8e3786db7c0b2fe877ac176,True,1
0x03066da434e5264ef0b32f787923f974a5726fdc,True,1
0x0e236240c4e9a26e4e8d6d516fc2c028f6fdc3bb,True,1
0xb3e325b62c0c3222c1adc16f530d5dba7a01f7ba,True,1
0xc9cb53b48a2f3a9e75982685644c1870f1405ccb,True,1
0x066f3a3b7c8fa077c71b9184d862ed0a4d5cf3e0,True,1
0xee573a945b01b788b9287ce062a0cfc15be9fd86,True,1
0xc9d7312a439539b5cd6b7fdacf76821100605b5d,True,1
0x0a752431fdff84fff76b3c76e3deb0db9170d4de,True,1
0x74f5f570f94bc774323cc5059ad1d0d9c9d1661c,True,1
0x481efdd010433ded1a931b557e4fe63b7b897964,True,1
0xdf6efd9fde2d30a0e750519bedd2698f264c669e,True,1
0x60fd9721617c199098c7f6a39b33657f827f7530,True,1
0xde4def877a322c60dd34db74867354f22e78b5da,True,1
0x40f0e70a7d565985b967bcdb0ba5801994fc2e80,True,1
0x68a0a1fef18dfcc422db8be6f0f486dea1999edc,True,1
0xa70e6425c1ae1e070be3fc270cac8c3d4e11c27c,True,1
0xd613f5fca70706ba84cfb7381caf18d460e07336,True,1
0x4846239fdf4d4c1aeb26729fa064b0205aca90e1,True,1
0x55b0c2eee5d48af6d2a65507319d20453e9f97b6,True,1
0x0473033c26ba5e5055b1e2d9fe6916d95922de3b,True,1
0x6b5ffa1ce225c32199858bb2011f45326c3a073c,True,1
0x2500d07013392ad705bdf8f8fb9e585167b9bc11,True,1
0xda1eb2824c5c6a219a28cb71c52bb713c63ceaed,True,1
0x52b6b74ec703c095e2dd8e34c0ad75bee9f9eed3,True,1
0x4206931337dc273a630d328da6441786bfad668f,True,1
0xc558f600b34a5f69dd2f0d06cb8a88d829b7420a,True,1
0x454f11d58e27858926d7a4ece8bfea2c33e97b13,True,1
0x0f51bb10119727a7e5ea3538074fb341f56b09ad,True,1
0x69ab07348f51c639ef81d7991692f0049b10d522,True,1
0xe11ba472f74869176652c35d30db89854b5ae84d,True,1
0x1037fa1f40b69c9266c4aeb2abcedc7553614b4c,True,1
0x3155ba85d5f96b2d030a4966af206230e46849cb,True,1
0xcc39592f5cb193a70f262aa301f54db1d600e6da,True,1
0x3155acd9f75915fcc21d34035f440da7040bd3ba,True,1
0xc0067d751fb1172dbab1fa003efe214ee8f419b6,True,1
0x50de6856358cc35f3a9a57eaaa34bd4cb707d2cd,True,1
0x34d3d2b46881588387dbe17e3b478dcb8b1a2450,True,1
0x73968b9a57c6e53d41345fd57a6e6ae27d6cdb2f,True,1
0xc465c0a16228ef6fe1bf29c04fdb04bb797fd537,True,1
0xc84778a8737b81a8c48dbf7b9bc84ae97bf33fa4,True,1
0x8a9c4dfe8b9d8962b31e4e16f8321c44d48e246e,True,1
0x725c263e32c72ddc3a19bea12c5a0479a81ee688,True,1
0x9f4aa9b4661f0c55b61fc12b1944f006a71c773f,True,1
0x389999216860ab8e0175387a0c90e5c52522c945,True,1
0x3301ee63fb29f863f2333bd4466acb46cd8323e6,True,1
0x854373387e41371ac6e307a1f29603c6fa10d872,True,1
0xda3a20aad0c34fa742bd9813d45bbf67c787ae0b,True,1
0x881d5c98866a08f90a6f60e3f94f0e461093d049,True,1
0x0cae187828a43c3a8dc5722c5c71ebd7c1ae2987,True,1
0xb46736888247c68c995b156ca86426ff32e27cc9,True,1
0xe09fb60e8d6e7e1cebbe821bd5c3fc67a40f86bf,True,1
0xd5281bb2d1ee94866b03a0fccdd4e900c8cb5091,True,1
0x1be574041828303f0bfb5d06a2414f3bd6da1b2a,True,1
0x095527f5bea113e9575b662c5ba01d990a280f2f,True,1
0xfad45e47083e4607302aa43c65fb3106f1cd7607,True,1
0x7fd1de95fc975fbbd8be260525758549ec477960,True,1
0xf9fbe825bfb2bf3e387af0dc18cac8d87f29dea8,True,1
0x71000582ec4914629a61ec95f22f764aa7e3b8a5,True,1
0x475cd23dc35e77a4cc420fb21b6dedc71183c825,True,1
0xa487bf43cf3b10dffc97a9a744cbb7036965d3b9,True,1
0x907c6d5bf04dc6f2cc34ceb649adb18bf356eebe,True,1
0x7dd3f5705504002dc946aeafe6629b9481b72272,True,1
0x2af72850c504ddd3c1876c66a914caee7ff8a46a,True,1
0xdc3e94ddf605864b79fce18c7cf974e579001e7b,True,1
0xfca090c1868004bec9c91f53db013288dc21c55b,True,1
0x0cec1a9154ff802e7934fc916ed7ca50bde6844e,True,1
0x52a500af09450aa8deef61f048313cf57fcb30b6,True,1
0x85cb0bab616fe88a89a35080516a8928f38b518b,True,1
0x7ff4169a6b5122b664c51c95727d87750ec07c84,True,1
0x4e9e73c0170f09e709573127c4ab02e57b868178,True,1
0xbc6da0fe9ad5f3b0d58160288917aa56653660e9,True,1
0x5f890841f657d90e081babdb532a05996af79fe6,True,1
0xf7413489c474ca4399eee604716c72879eea3615,True,1
0x6fbf081e93b775c0270767fe821d9c951e593a9f,True,1
0xd0e3f82ab04b983c05263cf3bf52481fbaa435b1,True,1
0xaec7e1f531bb09115103c53ba76829910ec48966,True,1
0x4d4786384eb4e356ea2df195bbe84c89440accf0,True,1
0x5d8a31269a9f3336e3f23de17b2ec7393bdd6916,True,1
0xe63d6b308bce0f6193aec6b7e6eba005f41e36ab,True,1
0x0f3adc247e91c3c50bc08721355a41037e89bc20,True,1
0x17ef75aa22dd5f6c2763b8304ab24f40ee54d48a,True,1
0x2d9fd51e896ff0352cb6d697d13d04c2cb85ca83,True,1
0x298d492e8c1d909d3f63bc4a36c66c64acb3d695,True,1
0xe4cfe9eaa8cdb0942a80b7bc68fd8ab0f6d44903,True,1
0xeb953eda0dc65e3246f43dc8fa13f35623bdd5ed,True,1
0x4abb9cc67bd3da9eb966d1159a71a0e68bd15432,True,1
0xe796d6ca1ceb1b022ece5296226bf784110031cd,True,1
0xd9016a907dc0ecfa3ca425ab20b6b785b42f2373,True,1
0xc477d038d5420c6a9e0b031712f61c5120090de9,True,1
0x29cbd0510eec0327992cd6006e63f9fa8e7f33b7,True,1
0x69fa8e7f6bf1ca1fb0de61e1366f7412b827cc51,True,1
0x5d2caad2b7f851dcb001e7d1156fdc3b4936666c,True,1
0x5a666c7d92e5fa7edcb6390e4efd6d0cdd69cf37,True,1
0x39a1b69a16663178879517aacdfce3807a494309,True,1
0x7a646ee13eb104853c651e1d90d143acc9e72cdb,True,1
0x2f109021afe75b949429fe30523ee7c0d5b27207,True,1
0x1796ae0b0fa4862485106a0de9b654efe301d0b2,True,1
0xf16e81dce15b08f326220742020379b855b87df9,True,1
0xe6f1966d04cfcb9cd1b1dc4e8256d8b501b11cba,True,1
0x5f6fbe81171d0f52cc58d6a2ac6ee1a9e52d18d2,True,1
0x8d5ed43dca8c2f7dfb20cf7b53cc7e593635d7b9,True,1
0x94b0a3d511b6ecdb17ebf877278ab030acb0a878,True,1
0x956f47f50a910163d8bf957cf5846d573e7f87ca,True,1
0xb43542e6b7c209f7da4b579792f67a1844546ce8,True,1
0x0efea698136d636e2babad10821e9064fe08f418,True,1
0x77fba179c79de5b7653f68b5039af940ada60ce0,True,1
0x7bef710a5759d197ec0bf621c3df802c2d60d848,True,1
0x37ac54dc7dd237eecfd0b61efdd57b15fe158be0,True,1
0xbf4ff08b9a3bbb77a362b609119100545c0445fe,True,1
0x300d97e471989223daa4f1bb8d6e6dc72469a465,True,1
0xb13201b48b1e61593df055576964d0b3aab66ea3,True,1
0xc3d7aa944105d3fafe07fc1822102449c916a8d0,True,1
0x18cedf1071ec25331130c82d7af71d393ccd4446,True,1
0x76458b78566cbcf6daf7a4ad02d2d92825c6b0a5,True,1
0xc40af1e4fecfa05ce6bab79dcd8b373d2e436c4e,True,1
0x9314941c11d6dee1d7bf93113eb74d4718949f3b,True,1
0xa2327a938febf5fec13bacfb16ae10ecbc4cbdcf,True,1
0xa2b4c0af19cc16a6cfacce81f192b024d625817d,True,1
0xf82d8ec196fb0d56c6b82a8b1870f09502a49f88,True,1
0x80b4d4e9d88d9f78198c56c5a27f3bacb9a685c5,True,1
0x841fb148863454a3b3570f515414759be9091465,True,1
0xb8ec4eb95d104753747bc689e6e997a637245bbd,True,1
0x8866fef71d3e71edb20aec2529953db76354a9d4,True,1
0x79ef20d5feae64abb48191bcadd838764175bffc,True,1
0xdef575aea01bfc170d1839b7ebd2e5b8ea58c13e,True,1
0xfcd13ea0b906f2f87229650b8d93a51b2e839ebd,True,1
0xc1fa06e8596c3fa98ccd2113c38b6b60b6efa00d,True,1
0xc73c167e7a4ba109e4052f70d5466d0c312a344d,True,1
0xa7ad4ce6c21d9e875f1067cd377256326b483002,True,1
0xf55a93b613d172b86c2ba3981a849dae2aecde2f,True,1
0x1c050bca8babe53ef769d0d2e411f556e1a27e7b,True,1
0xc2fcab14ec1f2dfa82a23c639c4770345085a50f,True,1
0x541dcd3f00bcd1a683cc73e1b2a8693b602201f4,True,1
0xa4cf2afd3b165975afffbf7e487cdd40c894ab6b,True,1
0x420cf323d2c19ed37b3a24093fd29da3733e7e58,True,1
0x761d38e5ddf6ccf6cf7c55759d5210750b5d60f3,True,1
0x7b73644935b8e68019ac6356c40661e1bc315860,True,1
0x2c31b10ca416b82cec4c5e93c615ca851213d48d,True,1
0xe9c966bc01b4f14c0433800efbffef4f81540a97,True,1
0xf9209d900f7ad1dc45376a2caa61c78f6dea53b6,True,1
0xcc8fa225d80b9c7d42f96e9570156c65d6caaa25,True,1
0x45ce23634eccf2ce7a567156cfc311555c55f02d,True,1
0xe50006781f435ae43096288334afd9ae5ba50065,True,1
0x97b65710d03e12775189f0d113202cc1443b0aa2,True,1
0x9ec5149472db6acffb9023a47d37b4ecbcf68a4b,True,1
0x9196e18bc349b1f64bc08784eae259525329a1ad,True,1
0xac336936f2f0c2ab0c8dece3a027445323e8a244,True,1
0x2d94aa3e47d9d5024503ca8491fce9a2fb4da198,True,1
0x59c1349bc6f28a427e78ddb6130ec669c2f39b48,True,1
0xc36442b4a4522e871399cd717abdd847ab11fe88,True,1
0xd563809827023e5b1160b554b86fe47f50cf9c44,True,1
0xcee1414c81c5bbfd6f651844998778901ff983e1,True,1
0x69039b8a64b3f50cbcfce8848efa0fef11ec9328,True,1
0x90476beb362eb4bd30a8630f0ceb79ea88f49946,True,1
0x9c061df134d11412151e9c200ce3f9f6f295094a,True,1
0xfffae206a0c17c4804f04af3880ff8a9dea39210,True,1
0x075fbc0a804de702bfda4d8e29834c763ffef1c3,True,1
0xc18e7a03f8986798323658dd8645f93aa79ac5c9,True,1
0xe9d6de22ddeefda405fea20026cf2e3f92745b97,True,1
0x4e8703a59fec01a97d4d2d76271e4f086dbb52fc,False,1
0x60bf91ac87fee5a78c28f7b67701fbcfa79c18ec,False,1
0xfa52274dd61e1643d2205169732f29114bc240b3,False,1
0x209c4784ab1e8183cf58ca33cb740efbf3fc18ef,False,1
0xa74476443119a942de498590fe1f2454d7d4ac0d,False,1
0x331d077518216c07c87f4f18ba64cd384c411f84,False,1
0x5f4bbc8c6260dbdf951f9201703eb16c617a1c8a,False,1
0xb899dee3a17aee2eaeefd1d2c09f61122765bc09,False,1
0xe6a51bd48f93abcd6c1d532112094044971d8d4e,False,1
0xb47e3cd837ddf8e4c57f05d70ab865de6e193bbb,False,1
0xf8094e15c897518b5ac5287d7070ca5850efc6ff,False,1
0x5b9e8728e316bbeb692d22daaab74f6cbf2c4691,False,1
0x4c70e070ca0720c73ceabab211cbc35ede76d797,False,1
0x233f7068fd70bf660718c289ef9e735cad8a9623,False,1
0x1522900b6dafac587d499a862861c0869be6e428,False,1
0x08daf71efa7915807bc5675ad402989d7820cf6f,False,1
0x3df1db9907eb6397bf1deeecdfdcb019b7b49110,False,1
0xb3e19de9c8f36e182f72cf557857b87de73d7316,False,1
0x933c92216eb197db879306577a7cd0fce2717e6c,False,1
0x1f77fc0c55968b5f7e7be03949bfbcfcdcc78105,False,1
0x124a220868a2d80b429925bae9f76030e9c69a99,False,1
0xb1690c08e213a35ed9bab7b318de14420fb57d8c,False,1
0x06012c8cf97bead5deae237070f9587f8e7a266d,False,1
0xdfb0acd77b0a9538d2d1b05399a1f254a541076f,False,1
0x79f8818d98e6f6eb33aa3468091281c2576e969d,False,1
0xc8c5233cd4d84b95bd1e096ca0d4534c3c6a689b,False,1
0x4f01001cf69785d4c37f03fd87398849411ccbba,False,1
0x3105d1027fdd1cf6b2d67056b61956249f6fc861,False,1
0x5ad2bbaea5498edff64caaff848f55f6ea1776e8,False,1
0xc2f98e8a02dddc29c4f7ab81dc141e913c837007,False,1
0xf6a3bd536ffe56930528e6f75f23879a19d73b67,False,1
0x3bac7400123bde8bbe813fbb781796d470164a1c,False,1
0x9b548f9ca5cc8b3e4e90cbf4558677fadba884f1,False,1
0x6cfc4e1f8058c0fa8b71d0463f300e5fa9ca38f1,False,1
0x8e37c65bda7297197bdd623965a05f56b7fb0d48,False,1
0x17bf5e7c215234b0e4f700c83ae7ce8a888c6655,False,1
0x5ccf93b806b1a08d86e10466aad0e84fcfb42d3e,False,1
0xa515bf564e4f8cfad1b86dd42948fa38f4f49ccf,False,1
0x131a99859a8bfa3251d899f0675607766736ffae,False,1
0x5b1b5fea1b99d83ad479df0c222f0492385381dd,False,1
0x971e78e0c92392a4e39099835cf7e6ab535b2227,False,1
0xf5b0a3efb8e8e4c201e2a935f110eaaf3ffecb8d,False,1
0xc6b9815950955612d98335ddc0be38c147a36d78,False,1
0xc3761eb917cd790b30dad99f6cc5b4ff93c4f9ea,False,1
0xf8b7041f7fc6ebf963dd63125035152bf2793062,False,1
0x54d60b368e800f76886a555c9452623e8f47e9df,False,1
0xf4985070ce32b6b1994329df787d1acc9a2dd9e2,False,1
0xf5001e16ebdd8d2df21ad1889b9db0c16bfc7b5f,False,1
0x121effb8160f7206444f5a57d13c7a4424a237a4,False,1
0xe8bd438d0383cf4d19641eaa4793eddc6cebeaf1,False,1
0x10e304a53351b272dc415ad049ad06565ebdfe34,False,1
0x26c89cf33b8473ea8e0513e17bd674d8fd0bc2cd,False,1
0x07431e577502d5639942916d13c439170c63d181,False,1
0xa4c17762c88cbfa83a2eeb5a28a50f2d64e0b34b,False,1
0xa5409ec958c83c3f309868babaca7c86dcb077c1,False,1
0xf9e266af4bca5890e2781812cc6a6e89495a79f2,False,1
0xe5c783ee536cf5e63e792988335c4255169be4e1,False,1
0x7be8076f4ea4a4ad08075c2508e481d6c946d12b,False,1
0x05a9cbe762b36632b3594da4f082340e0e5343e8,False,1
0x30f938fed5de6e06a9a7cd2ac3517131c317b1e7,False,1
0x8bfec611ebb3107b19002b1b97cd309b042aa0d2,False,1
0x25c2f0e18f8945f5395aa971c99e95f808e79dea,False,1
0x2cb54e47e5e3b0022ff964f8a62b7b4d2c135600,False,1
0x112ca67c8e9a6ac65e1a2753613d37b89ab7436b,False,1
0xa0b86991c6218b36c1d19d4a2e9eb0ce3606eb48,False,1
0xbf0c5d82748ed81b5794e59055725579911e3e4e,False,1
0xd6e8f8c4fc6fce1d77fd01f7749ae3f35f425d68,False,1
0xfbeef911dc5821886e1dda71586d90ed28174b7d,False,1
0xd1ceeeeee83f8bcf3bedad437202b6154e9f5405,False,1
0x8e870d67f660d95d5be530380d0ec0bd388289e1,False,1
0xa4787fdb16efd4d0f9967001c207f7a6e281b686,False,1
0xe1579debdd2df16ebdb9db8694391fa74eea201e,False,1
0x4aa42145aa6ebf72e164c9bbc74fbd3788045016,False,1
0x52ae12abe5d8bd778bd5397f99ca900624cfadd4,False,1
0x81f7564e413586f1f99fde55740ac52b43ca99c9,False,1
0x207777cda1da91366c67b2965647d0899bb74801,False,1
0xc0a47dfe034b400b47bdad5fecda2621de6c4d95,False,1
0x5485c1c16b9c46a9fc9f7207be7a0e8e035eac64,False,1
0xa9149947127e37d9078836b13f8353affedc4cf0,False,1
0x731fbd4ac5a35709d3525a9c9b11eb446854e461,False,1
0x3b8475fbdfaba6132f7bf06597b7a2f2edba70f0,False,1
0xfd0d9baf22c3a27c4560e9eee5f4b9af23221878,False,1
0x04405748c4738860ee1b7913f92ef9af5ddd36a7,False,1
0xc1f309f61709901ea7b48f8421cc3d252bd56204,False,1
0xe7c1513473235b7fa69a4558d3dd26f851be477c,False,1
0x84d626b2bb4d0f064067e4bf80fce7055d8f3e7b,False,1
0xb440dd674e1243644791a4adfe3a2abb0a92d309,False,1
0x4b9ca5607f1ff8019c1c6a3c2f0cc8de622d5b82,False,1
0x03c513ffbdbda34b4a66b3052fa5e0e6606e531b,False,1
0x0000000000085d4780b73119b644ae5ecd22b376,False,1
0x27492703e18f7ab987d57c1e92d9e5d16d35b163,False,1
0xff488fd296c38a24cccc60b43dd7254810dab64e,False,1
0x431f429035a1e3059d5c6a9a83208c6d3143d925,False,1
0x2f4b3134265e1103fb61ceb534d117755a906963,False,1
0x45eb33d008801d547990caf3b63b4f8ae596ea57,False,1
0x44da3a8051ba88eab0440db3779cab9d679ae76f,False,1
0x391f0e86da951c03b1183c60b195090671adea88,False,1
0xb77feddb7e627a78140a2a32cac65a49ed1dba8e,False,1
0x988b3a538b618c7a603e1c11ab82cd16dbe28069,False,1
0xed84ee5c6eb122b999843695546a526fce456237,False,1
0x78b37409628e10df0b661c6b205b872a4df8dd6e,False,1
0xa57bd00134b2850b2a1c55860c9e9ea100fdd6cf,False,1
0x1820a4b7618bde71dce8cdc73aab6c95905fad24,False,1
0x8a9c67fee641579deba04928c4bc45f66e26343a,False,1
0x56e7d4520abfecf10b38368b00723d9bd3c21ee1,False,1
0x1e0447b19bb6ecfdae1e4ae1694b0c3659614e4e,False,1
0x52f1c952a48a4588f9ae615d38cfdbf8df036e60,False,1
0xa8b39829ce2246f89b31c013b8cde15506fb9a76,False,1
0xde3a93028f2283cc28756b3674bd657eafb992f4,False,1
0x34a5ef81d18f3a305ae9c2d7df42beef4c79031c,False,1
0x17f3af25e9a7463c35bb7f9aa3f7e633eaa5160d,False,1
0xb671f2210b1f6621a2607ea63e6b2dc3e2464d1f,False,1
0x11164f6a47c3f8472d19b9add516fc780cb7ee02,False,1
0x3d9819210a31b4961b30ef54be2aed79b9c9cd3b,False,1
0x049bd8c3adc3fe7d3fc2a44541d955a537c2a484,False,1
0x2c36170fd467bf64283b76cdda5ddf2e5de82a62,False,1
0xca5faf4c4134bc4f43e910c857723a744b0d2d68,False,1
0xf6874c88757721a02f47592140905c4336dfbc61,False,1
0x2e5c40fec5af5a26da9dcb778d7c84cf332fe937,False,1
0xfd61352232157815cf7b71045557192bf0ce1884,False,1
0x25916c331797ba10601e1f05a1da0b425302f5a2,False,1
0xe20b3ae826cdb43676e418f7c3b84b75b5697a40,False,1
0x5407381b6c251cfd498ccd4a1d877739cb7960b8,False,1
0x055cc48f7968fd8640ef140610dd4038e1b03926,False,1
0xc9dfff5fa5605fd94f8b7927b892f2b57391e8bb,False,1
0x240bae5a27233fd3ac5440b5a598467725f7d1cd,False,1
0xf013406a0b1d544238083df0b93ad0d2cbe0f65f,False,1
0xfb80bfa19cae9e00f28b0f7e1023109deeb10483,False,1
0x5c3a6d92cfd3fd8ccb080fbec292a5b4acc539dd,False,1
0x2ed7e9fcd3c0568dc6167f0b8aee06a02cd9ebd8,False,1
0xd46ba6d942050d489dbd938a2c909a5d5039a161,False,1
0xf5a3d443fccd7ee567000e43b23b0e98d96445ce,False,1
0x83da1beeb89ffaf56d0b7c50afb0a66fb4df8cb1,False,1
0x4565300c576431e5228e8aa32642d5739cf9247d,False,1
0x8cfb1d4269f0daa003cdea567ac8f76c0647764a,False,1
0x7a9d706b2a3b54f7cf3b5f2fcf94c5e2b3d7b24b,False,1
0x95151e4615c5c0924b918c85ad8d8a94d6644ab3,False,1
0x79c6e11be1c1ed4d91fbe05d458195a2677f14a5,False,1
0xf3b450002c7bc300ea03c9463d8e8ba7f821b7c6,False,1
0x45030f6c588d17bbf07318eb49aabab3effb63bd,False,1
0x0815425f6a333b92d49b088aea2290418fa7b907,False,1
0x8ab7404063ec4dbcfd4598215992dc3f8ec853d7,False,1
0x95e6f48254609a6ee006f7d493c8e5fb97094cef,False,1
0x080bf510fcbf18b91105470639e9561022937712,False,1
0x58c69aff4df980357034ea98aad35bbf78cbd849,False,1
0xb92ec7d213a28e21b426d79ede3c9bbcf6917c09,False,1
0x7e94a8a23687d8c7058ba5625db2ce358bcbd244,False,1
0x0ce0224ba488ffc0f46be32b333a874eb775c613,False,1
0x4cd6879fd49ed68ffea65f19730f74aab0dda5b2,False,1
0xc011a73ee8576fb46f5e1c5751ca3b9fe0af2a6f,False,1
0xd216153c06e857cd7f72665e0af1d7d82172f494,False,1
0x992ef8145ab8b3dbfc75523281dad6a0981891bb,False,1
0x9308b0bd23794063423f484cd21c59ed38898108,False,1
0xb932a70a57673d89f4acffbe830e8ed7f75fb9e0,False,1
0x2947f98c42597966a0ec25e92843c09ac17fbaa7,False,1
0x2b33cf282f867a7ff693a66e11b0fcc5552e4425,False,1
0x4fabb145d64652a948d72533023f6e7a623c7c53,False,1
0x2a842bc64343fad4ec4a8424ba7ff3c0a70b6e55,False,1
0x64fe692be4b42f4ac9d4617ab824e088350c11c2,False,1
0x5e74c9036fb86bd7ecdcb084a0673efc32ea31cb,False,1
0x57ab1ec28d129707052df4df418d58a2d46d5f51,False,1
0x0d331cfc4f6c2012943cbb8e0480743ecc0acaf2,False,1
0x38b6ab6b9294cce1ccb59c3e7d390690b4c18b1a,False,1
0xd1669ac6044269b59fa12c5822439f609ca54f41,False,1
0x1b14e8d511c9a4395425314f849bd737baf8208f,False,1
0xa24787320ede4cc19d800bf87b41ab9539c4da9d,False,1
0x78095e749d9e20b2ccd956d973ef1248425d936a,False,1
0x2ec5d566bd104e01790b13de33fd51876d57c495,False,1
0x8888888883585b9a8202db34d8b09d7252bfc61c,False,1
0x917a2c4421fdad00632d89b3e550230a3a0b0a31,False,1
0xdd4865bbc66b34c493a08a58e0530300b610aef5,False,1
0x6bba92c6ffa5821272de96a88577323889e77605,False,1
0x751eea622edd1e3d768c18afbcaec7dce7750c65,False,1
0x64de91f5a373cd4c28de3600cb34c7c6ce410c85,False,1
0xe0f30cb149faadc7247e953746be9bbbb6b5751f,False,1
0x493c57c4763932315a328269e1adad09653b9081,False,1
0x49f4592e641820e928f9919ef4abd92a719b4b49,False,1
0x2a1530c4c41db0b0b2bb646cb5eb1a67b7158667,False,1
0x72f3dff4cd17816604dd2df6c2741e739484ca62,False,1
0x61935cbdd02287b511119ddb11aeb42f1593b7ef,False,1
0x2a17c35ff147b32f13f19f2e311446eeb02503f3,False,1
0xa26e80e7dea86279c6d778d702cc413e6cffa777,False,1
0xadc92d1fd878580579716d944ef3460e241604b7,False,1
0x5d3a536e4d6dbd6114cc1ead35777bab948e3643,False,1
0x2a549b4af9ec39b03142da6dc32221fc390b5533,False,1
0x898b3f52b7aa863bc9e033491fb7c3fd4772f981,False,1
0xe57c8c5ab4eb4f117dfba282e000ee1968fbae4b,False,1
0xd1e5b0ff1287aa9f9a268759062e4ab08b9dacbe,False,1
0x29e3b3c76e7ae0d681bf1a6bcee1c0e7d17dbaa9,False,1
0x274aac49b63f07bf6998964ad20020b18383a09d,False,1
0xfa64bc35f6f5151315ab14b6aa9a8627d1babeb4,False,1
0x7bed314446f3bffbc27775df2c6b439f3a376055,False,1
0x3ecd508f87ef27417474b0fdf8dd90a3b2b337c9,False,1
0x5f72044df487dc4d15b2e568bc56da4767e15cca,False,1
0x6943a218d58135793f1fe619414ed476c37ad65a,False,1
0x01aac5236ad205ebbe4f6819bc64ef5bef40b71c,False,1
0x2a995caa0718532bb16bb95809f5911217012186,False,1
0x00ff5e77a5dd1c9e65377c509cddafba828f9074,False,1
0x1e41c314d4c84eefaca6481e169dabe93d2fe16a,False,1
0xef004d954999eb9162aeb3989279eff2161d5095,False,1
0x1c2349acbb7f83d07577692c75b6d7654899bf10,False,1
0x85aeace84a130bc1accce2a9f4f933f6765b0b9b,False,1
0xc728693dcf6b257bf88577d6c92e52028426eefd,False,1
0x64a9edd3f5fce0252cd708e26c8dd11205742826,False,1
0x24a42fd28c976a61df5d00d0599c34c4f90748c8,False,1
0x3dfd23a6c5e8bbcfc9581d2e864a68feb6a076d3,False,1
0x60853118431dafba53d4d8fcc9bd3d17279b61fe,False,1
0x082b0ca59f2122c94e5f57db0085907fa9584ba6,False,1
0x398ec7346dcd622edc5ae82352f02be94c62d119,False,1
0x76b47460d7f7c5222cfb6b6a75615ab10895dde4,False,1
0x0559324025d6ef4a715c2e22562b90210fcfe25a,False,1
0x5799698cde26dbd98c529c42a054b6c32b6df5a5,False,1
0x58eb922f60ae3d7a8b9f6ccbe7ae4f05431f998c,False,1
0xdf8ac96bc9198c610285b3d1b29de09621b04528,False,1
0x6fd4ef9525a226195510b7726c4454c4d3e3b932,False,1
0x45408418ea69238376fcda67245d12751eff5deb,False,1
0xfa103c21ea2df71dfb92b0652f8b1d795e51cdef,False,1
0x0c3f8df27e1a00b47653fde878d68d35f00714c0,False,1
0x00000000000c2e074ec69a0dfb2997ba6c7d2e1e,False,1
0x57f1887a8bf19b14fc0df6fd9b2acc9af147ea85,False,1
0xe4129ceec7e622287810815d16939303089ddff3,False,1
0x5acc84a3e955bdd76467d3348077d003f00ffb97,False,1
0xdc3c93946943b88d569ff9a0bcfb96733676daf0,False,1
0x860bd2dba9cd475a61e6d1b45e16c365f6d78f66,False,1
0x45f783cce6b7ff23b2ab2d70e416cdb7d6055f51,False,1
0x20a859058d4ae68301003b981d5d675795c64a70,False,1
0x545973f28950f50fc6c7f52aab4ad214a27c0564,False,1
0x7538651d874b7578cf52152c9abd8f6617a38403,False,1
0xcd81398895bea7ad9eff273aeffc41a9d83b4dad,False,1
0x5766067108e534419ce13f05899bc3e3f4344948,False,1
0x464eb539bbb8174f178b97bd4e9d41e9c4144f57,False,1
0x53757c07fa372d1ac873c701dccfd1ebcc563e0e,False,1
0x15344ecdc2c4edfcb092e284d93c20f0529fd8a6,False,1
0x39246c4f3f6592c974ebc44f80ba6dc69b817c71,False,1
0xcfb152e5b93fc2c9906d4ff41fc8407dfa5e8851,False,1
0xb449a74e88f497b4c8c9febf72da1c67c393ed5b,False,1
0x4d4e574b57d2508ee7dc2a531c4fe81ea1c3e058,False,1
0xd5946fc2195bc009397833d47924ed7985f7e563,False,1
0xd403cca35a472d8472058d2386b8fc1adf926c24,False,1
0x5f89b0fa249c8180962d01aaa30b6f5cb96ee979,False,1
0xaf7f64ea0f3f1863d91a08bbab4fad21ddb0b526,False,1
0x6a043293620bb11b9aa37b7d5dfaea99bfcba0a8,False,1
0xd650f659aa3b0fa7ecb52f75ba4da719c8f81b17,False,1
0x1dfb89e78fc25638f51fecf35025f22dbecad036,False,1
0xbce6a8789bb1e47fd832300a988927db32c4cc1e,False,1
0x74b303dd79bbf44d23d60891bdd0f31df87bc7b8,False,1
0x4d728a4496e4de35f218d5a214366bde3a62b51c,False,1
0x2971adfa57b20e5a416ae5a708a8655a9c74f723,False,1
0x4c8a1beb8a87765788946d6b19c6c6355194abeb,False,1
0x939daad09fc4a9b8f8a9352a485dab2df4f4b3f8,False,1
0x4534e92eefecc63c6105f53893d355c14aa129cf,False,1
0xc586bef4a0992c495cf22e1aeee4e446cecdee0e,False,1
0x3c9d954a5e9fff8a3b9495094adee9b5c2233e5c,False,1
0xbbc81d23ea2c3ec7e56d39296f0cbb648873a5d3,False,1
0xc3ed2cae59bca2c29baf07cd72df7451df624a87,False,1
0x81a679f98b63b3ddf2f17cb5619f4d6775b3c5ed,False,1
0x0f7802c12baa462bf207b7082a4211ddd1e148f9,False,1
0x5f65f7b609678448494de4c87521cdf6cef1e932,False,1
0x39778bc77bd7a9456655b19fd4c5d0bf2071104e,False,1
0x485b9a41e8bf06e57bb64c6ba7cb04f9d53d2d76,False,1
0x4525d2b71f7f018c9ebddfcd336852a85404e75b,False,1
0xf650c3d88d12db855b8bf7d11be6c55a4e07dcc9,False,1
0x07abe965500a49370d331ecd613c7ac47dd6e547,False,1
0x84ed0536c738d907cdeaf763c73f154dff675c56,False,1
0x538038e526517680735568f9c5342c6e68bbda12,False,1
0x3b4a448d98c27f1377c886306e7f1b111ce3e933,False,1
0xa5407eae9ba41422680e2e00537571bcc53efbfd,False,1
0x59d1ae8b29a7c7118797e6e25208d89f738da8c7,False,1
0xb66dce2da6afaaa98f2013446dbcb0f4b0ab2842,False,1
0x7872eb21639ae8193f1aaf495b967202713c8fe5,False,1
0x95b00984a9c38417cdba9653ce4f4a0a3e54451c,False,1
0x580c8520deda0a441522aeae0f9f7a5f29629afa,False,1
0xe883b3efdae637fc599b467478a23199778f2ccf,False,1
0xe1f5c6fd86628e299955a84f44e2dfca47aaaaa4,False,1
0x000000000000006f6502b7f2bbac8c30a3f67e9a,False,1
0xa3c5283ce081039009bb01c4e5c1f4b1065db785,False,1
0x23fe3c603be19d3a1155766358071cacefe14537,False,1
0xf164fc0ec4e93095b804a4795bbe1e041497b92a,False,1
0x4e3b31eb0e5cb73641ee1e65e7dcefe520ba3ef2,False,1
0x180486507e7e20490fc0228efd182989e0bd61cc,False,1
0xdb404188f3428f80fcac37a2ee7a3391f5d28c48,False,1
0x2a103c2023fb2ad490c5ab2a2b05d9fbc301ad34,False,1
0x629a673a8242c2ac4b7b8c5d8735fbeac21a6205,False,1
0x7e7669bdff02f2ee75b68b91fb81c2b38f9228c2,False,1
0xb5e2d774c4672aa4297272f62d61e8a041175cb5,False,1
0x078570380fcb6d4810d4d3303e2cf4ba1dab9c49,False,1
0xcc0b7707ba4d7d7f9acdd16ab2e0b1997e816166,False,1
0x84b3461bab036d20ed7b5a8024bd16cd11a412fe,False,1
0x773a58c0ae122f56d6747bc1264f00174b3144c3,False,1
0x64fd0abd4d8f5a0a7502c0078d959e57ca1207ab,False,1
0xce211d3b34a3cd126dbede4942e9c5f6de5a215a,False,1
0x60f80121c31a0d46b5279700f9df786054aa5ee5,False,1
0xd07dc4262bcdbf85190c01c996b4c06a461d2430,False,1
0x4fee7b061c97c9c496b01dbce9cdb10c02f0a0be,False,1
0x295fe6bc5ad4bdb770d416c066626e4207e10339,False,1
0x91db9e27e750c43a96926b2e04d795c24f13f67b,False,1
0x3a2d9db352580eb50018fc86eae32e19070a9982,False,1
0x331965f62f181028f54b93547fc469975c49eb1b,False,1
0xc3037b2a1a9e9268025ff6d45fe7095436446d52,False,1
0x33a02e6cc863d393d6bf231b697b82f6e499ca71,False,1
0x86e4dc95c7fbdbf52e33d563bbdb00823894c287,False,1
0x28e4f3a7f651294b9564800b2d01f35189a5bfbe,False,1
0x4c19596f5aaff459fa38b0f7ed92f11ae6543784,False,1
0x6a172d5dd7400244c8f24e3a73cc20c01babc44d,False,1
0xc36cf0cfcb5d905b8b513860db0cfe63f6cf9f5c,False,1
0x7a250d5630b4cf539739df2c5dacb4c659f2488d,False,1
0x1cc712e2a9f77149c2eb3a4051b6dd63d71dbc4f,False,1
0x01bfd82675dbcc7762c84019ca518e701c0cd07e,False,1
0x26bcd642afa0915e55684686a31c069015d6fa83,False,1
0xdef1c0ded9bec7f1a1670819833240f027b25eff,False,1
0xf740b67da229f2f10bcbd38a7979992fcc71b8eb,False,1
0xf25416de839fcb835538a06ba27d69c517c5a871,False,1
0x8e24ada44183be4135ccebc592940efc4e307e7f,False,1
0x34460c0eb5074c29a9f6fe13b8e7e23a0d08af01,False,1
0x5290e9582b4fb706eadf87bb1c129e897e04d06d,False,1
0xabea9132b05a70803a4e85094fd0e1800777fbef,False,1
0x7186123dd9140555d0c2384b36f5773ddd7cde31,False,1
0x2f9ec37d6ccfff1cab21733bdadede11c823ccb0,False,1
0x5c55b921f590a89c1ebe84df170e655a82b62126,False,1
0x22f9dcf4647084d6c31b2765f6910cd85c178c18,False,1
0x0fa28f79a31bb988d7efcf881adc1e03bfa5e176,False,1
0x36d4ea5b43f57e6e11cfdad2a93053a6eda4ee5e,False,1
0xf49b5e331d70e4411fecc2f5cc3cc6b23a1688f4,False,1
0x027247bc2badaec06772957fe1052cb8cad6ee9e,False,1
0x076f35dcce01cbfb0e645f145ea448883ce66c7c,False,1
0xcade893e6a4619382cb688cbcf216e1ac3c30940,False,1
0xe2c77c6ac56c99a95e43128842d3a20794b3e039,False,1
0x7616abb393c9e45545240718a294188c0bcc66f5,False,1
0x7575594ac778812b31581c3b29af4d6d8b909b2e,False,1
0x03062dc5a4a505c00fe7346b5f513d43d7ace377,False,1
0x7d99111abe8ec5c3567f4967c78f1c27aa79f997,False,1
0x64c0c5446b1865d6e17c22274c3ae98c2ae0bc40,False,1
0x7af480fbbe365acb068525949ba07e3568fd7523,False,1
0xc1ab1b4d9e4ca901408fcdc1626967adf5bbe26d,False,1
0x3a14c51bf6f8d166070b7c26d794fe5e649b2142,False,1
0x27c97a95ef86ec8738ed6d90d84a6df488e4befc,False,1
0xb8b008ad4b368e67ba6d8bb1b81027aba5e70a43,False,1
0x8430fb7247d216c6f1859b8a859cbc2119610a07,False,1
0xca72ad7b20699484a5bcbb7a991c18f6a5b31fd4,False,1
0xcd9275351d79269b495155c30c7daf98d0f43fac,False,1
0xecc7530251960a48d7ef5f60b210d4ef680410ef,False,1
0x7c4dc74470fca39b4fad7a40c5665862168bab65,False,1
0x18c210013ea6cbe99b2dacdc9cfcb6e07458f0ca,False,1
0xa59c847bd5ac0172ff4fe912c5d29e5a71a7512b,False,1
0x5e3ef299fddf15eaa0432e6e66473ace8c13d908,False,1
0x1863edaa26471613742402b082a581781503ee57,False,1
0xa1c0fa73c39cfbcc11ec9eb1afc665aba9996e2c,False,1
0xc8fb12402cb16970f3c5f4b48ff68eb9d1289301,False,1
0x7c66550c9c730b6fdd4c03bc2e73c5462c5f7acc,False,1
0x9aab3f75489902f3a48495025729a0af77d4b11e,False,1
0xd3d2b5643e506c6d9b7099e9116d7aaa941114fe,False,1
0x49bdd8854481005bba4acebabf6e06cd5f6312e9,False,1
0xecf0bdb7b3f349abfd68c3563678124c5e8aaea3,False,1
0x69a4a726e7567aab5ba7d4824df4062aab82fb75,False,1
0xcc4304a31d09258b0029ea7fe63d032f52e44efe,False,1
0xcafea42a1f81ecab1e616fa69ea14716c7ae70f1,False,1
0xa1a42115c2e2de993a81e35bb811c587b247cea6,False,1
0x58a21cfcee675d65d577b251668f7dc46ea9c3a0,False,1
0xf9dc75762fc000f3fb1cf88e7fcc32f9969ba003,False,1
0xc83e009c7794e8f6d1954dc13c23a35fc4d039f6,False,1
0xc1d750678ccede3e794ee092cd4c913c40935360,False,1
0x41303d8aecba4222a414233531f25527c0559ecb,False,1
0x09403fd14510f8196f7879ef514827cd76960b5d,False,1
0x17ac4cc32696987cea1737343188716b1d827e7b,False,1
0x3a8b67c0d153d1f8f931e610c5c79a7ee51bde3f,False,1
0x4a5b9b4ad08616d11f3a402ff7cbeacb732a76c6,False,1
0x3b7c4c43712f8ea2fb14145f988c3bd82675320d,False,1
0xf0b7c486bc7798f91e47c4a14c2dff734a8392f0,False,1
0xc629c26dced4277419cde234012f8160a0278a79,False,1
0x52a03d5d2bb8a30585dfc59904c799b27a03a56e,False,1
0x51b4b27a7bd296fd34ca7c469f49d5bcd7fe5137,False,1
0x336eec25264e209fc0cfae5abcb3e5a86b4c3049,False,1
0x26d5a7517017b76d99ce6db6db172ffeced09f54,False,1
0xcd37221c53b5208a2d7eabc7d5051b98d8030424,False,1
0x25dd3f51e0c3c3ff164ddc02a8e4d65bb9cbb12d,False,1
0x235abfad01eb1bda28ef94087fbaa63e18074926,False,1
0xdd8e19f63844e433c80117b402e36b62eff3ec0a,False,1
0xc775ac32e7f3fee16f268eb013f462491c3d9a1c,False,1
0x5ddc23dee470aec28d51721b4e3a25f9399166ec,False,1
0xeb5d3a91b5e721fa251e03bda2c9578e90f30f84,False,1
0xddaffcbeb95d095227043fee74062ac56df5cbb2,False,1
0x2b7d5b8232b46fff2d0a87abbc90eaabdb27483c,False,1
0xdeb288f737066589598e9214e782fa5a8ed689e8,False,1
0x773616e4d11a78f511299002da57a0a94577f1f4,False,1
0xf4030086522a5beea4988f8ca5b36dbc97bee88c,False,1
0x5f4ec3df9cbd43714fe2740f5e3616155c5b8419,False,1
0x986b5e1e1755e3c2440e960477f25201b0a8bbd4,False,1
0xdc530d9457755926550b59e8eccdae7624181557,False,1
0xee9f2375b4bdf6387aa8265dd4fb8f16512a1d46,False,1
0x79291a9d692df95334b1a0b3b4ae6bc606782f8c,False,1
0xd866a07dea5ee3c093e21d33660b5579c21f140b,False,1
0x00d02526ca08488342ab634de3b2d0050ecc7f60,False,1
0x1058a82c25f55ab8ab0ce717f3e6e164e80f1a0b,False,1
0xbd72da70007e47aaf1bbd84918675392cf6885f7,False,1
0x00c7a37b03690fb9f41b5c5af8131735c7275446,False,1
0x0c632ec5982e3a8dc116a02eba7a419efec170b1,False,1
0xfb564da37b41b2f6b6edcc3e56fbf523bd9f2012,False,1
0x29a199a49af8d657c110418c2b0d2f932b025de7,False,1
0xe852877d3cdbc8fb469208cb318c346bacc51c5c,False,1
0x7c5d4f8345e66f68099581db340cd65b078c41f4,False,1
0x3501ec11d205fa249f2c42f5470e137b529b35d0,False,1
0x5f3b5dfeb7b28cdbd7faba78963ee202a494e2a2,False,1
0x2f50d538606fa9edd2b11e2446beb18c9d5846bb,False,1
0xd061d61a4d941c39e5453435b6345dc261c2fce0,False,1
0xfa712ee4788c042e2b7bb55e6cb8ec569c4530c1,False,1
0x575ccd8e2d300e2377b43478339e364000318e2c,False,1
0x053c779acf94ae25d059a4680806dfc718b1295a,False,1
0xa2d951a22d5c0256fc2daee7e2b3ede75ebfa22d,False,1
0xeb3111c71af052717a9a8c6c1f424ef6dfeb251e,False,1
0x0821f21f21c325ae39557ca83b6b4df525495d06,False,1
0x6a6527d91ddae0a259cc09dad311b3455cdc1fbd,False,1
0xf11bf075f0b2b8d8442ab99c44362f1353d40b44,False,1
0xd9d35a82d4dd43be7cfc524ebf5cd00c92c48ebc,False,1
0x740be5e8fe30bd2bf664822154b520eae0c565b0,False,1
0xe2c9aea66ed352c33f9c7d8e824b7cac206b0b72,False,1
0xc6ee0d4943dc43bd462145aa6ac95e9c0c8b462f,False,1
0xd1e850d6afb6c27a3d66a223f6566f0426a6e13b,False,1
0x570985649832b51786a181d57babe012be1c09a4,False,1
0x28e0fd8e05c14034cba95c6bf3394d1b106f7ed8,False,1
0x52d674c76e91c50a0190de77da1fad67d859a569,False,1
0x353f61f39a17e56ca413f4559b8cd3b6a252ffc8,False,1
0x80eeb41e2a86d4ae9903a3860dd643dad2d1a853,False,1
0x45e9fee61185e213c37fc14d18e44ef9262e10db,False,1
0x2408935efe60f092b442a8755f7572edb9cf971e,False,1
0xd3ce735cdc708d9607cfbc6c3429861625132cb4,False,1
0x78a55b9b3bbeffb36a43d9905f654d2769dc55e8,False,1
0xdc3ea94cd0ac27d9a86c180091e7f78c683d3699,False,1
0x24b9f95da501d6ce2d7a1629db5fb15aec244e9c,False,1
0xa14d7ea4d87cd2d8a400ad56f65a2acc7521cb2c,False,1
0x479c39ce541750290e4603cda1872d38740427ef,False,1
0xd98c3b08221ca4d39bd3050b48f21e79746e46eb,False,1
0x3b4503cba9add1194dd8098440e4be91c4c37806,False,1
0x443d2f2755db5942601fa062cc248aaa153313d3,False,1
0xe4605d46fd0b3f8329d936a8b258d69276cba264,False,1
0xa0c68c638235ee32657e8f720a23cec1bfc77c77,False,1
0x40ec5b33f54e0e8a33a975908c5ba1c14e5bbbdf,False,1
0x8484ef722627bf18ca5ae6bcf031c23e6e922b30,False,1
0xc2edad668740f1aa35e4d8f227fb8e17dca888cd,False,1
0xbebf1c31e05a62aa8d07003af177f07891889ad7,False,1
0xda59e33896b21e5f9a748eeb97954c336b8b7a7f,False,1
0x1667c9c6dfeb1b7aeddf7d4cf0e204cd9dc05037,False,1
0x83b76b11257c4ece35370b6152f1946d49479e89,False,1
0x52305c065579a8a620690cc39394514af905ff42,False,1
0xbbd3c0c794f40c4f993b03f65343acc6fcfcb2e2,False,1
0x67e4a942c067ff25ce7705b69c318ca2dfa54d64,False,1
0x1542e790a742333ea6a2f171c5d07a2e7794eef4,False,1
0xfc90fac785b6cd79a83351ef80922bb484431e8d,False,1
0xc757acba3c0506218b3022266a9dc7f3612d85f5,False,1
0x94d863173ee77439e4292284ff13fad54b3ba182,False,1
0xf166c22b57f68348972eaf2dc75488fcb9e17428,False,1
0x99b0d6641a63ce173e6eb063b3d3aed9a35cf9bf,False,1
0x93f2a75d771628856f37f256da95e99ea28aafbe,False,1
0xab45c5a4b0c941a2f231c04c3f49182e1a254052,False,1
0x44e999d5c2f66ef0861317f9a4805ac2e90aeb4f,False,1
0x329239599afb305da0a2ec69c58f8a6697f9f88d,False,1
0xd9e1ce17f2641f24ae83637ab66a2cca9c378b9f,False,1
0x5d98a6ce1dc18dbc0fc0ac39780a428db2a9d9b1,False,1
0xcc9ce5c3a00633c4704b70ddd364c23872e90d41,False,1
0xbebc44782c7db0a1a60cb6fe97d0b483032ff1c7,False,1
0xbfcf63294ad7105dea65aa58f8ae5be2d9d0952a,False,1
0xd8ec56013ea119e7181d231e5048f90fbbe753c0,False,1
0x3ad503084f1bd8d15a7f5ebe7a038c064e1e3fa1,False,1
0x4ba1f38427b33b8ab7bb0490200dae1f1c36823f,False,1
0x982e49cb023bbdbdc7d5dd8b867fc83cb2c0def4,False,1
0x721e5380627e8ab1a3636edeab05994fc0406bed,False,1
0x628642fe0abf20dcc2c82f28fe4f3e406928c229,False,1
0x637726f8b08a7abe3ae3acab01a80e2d8ddef77b,False,1
0xceb90e4c17d626be0facd78b79c9c87d7ca181b3,False,1
0xeae57ce9cc1984f202e15e038b964bb8bdf7229a,False,1
0x3d76fdaf9f81eef1638044fc0ed809597b6dd9f4,False,1
0x7ee8ab2a8d890c000acc87bf6e22e2ad383e23ce,False,1
0x3079e5cfa65be44419deca74e04dbcfe3e8a6631,False,1
0x054086d40cf8fd5bf6200eda7f9c6877b0302dd1,False,1
0xf0cc626f04f0149f1f4ad3746b2589d6fa198b45,False,1
0xd4dc14409ac0beb743597be70f062eacfebc8bc4,False,1
0x1531b6e3d51bf80f634957df81a990b92da4b154,False,1
0xeb74c8b319515593a26dab10a13f19872c2ecb02,False,1
0x12f92af9833ddf16d2b7ff10389e96b23fcc25a0,False,1
0x9578990000edd46b4c0b07c337ab5d8c2dae25b1,False,1
0x4dd30961de333807b4a502e47ecb2ebb2ac02e48,False,1
0x4413198fcc3a57255e93dbce6c15ff6549ec7ac8,False,1
0x38b704ba216c762565da03d1603935d0f579ef01,False,1
0x5977d45ba0a1ffc3740506d07f5693bbc45df3c7,False,1
0x6d39cff1ef97c8f1e70d711e526e858a201315cd,False,1
0xd6aa3d25116d8da79ea0246c4826eb951872e02e,False,1
0x2132bb601b23931cf6cf3c2510b9ecea28c7313b,False,1
0x50f9139900c6fbef1c390f46c4c68b52d5d18308,False,1
0xa811ff165b082c0507ce9a5a660fb3d7eeecb88a,False,1
0x7391bb54a24719da7dd81c2e5176cf954d7f7635,False,1
0x75ed2f61837c3d9ef1bf0af4db84664dc6fe56bc,False,1
0x150631a2e822d3ed7d46df9a270ce7134a16de89,False,1
0x3f2d1ff4930318b5a7c301e1bf7e703dcf6d83e3,False,1
0xc8db8d5869510bb1fcd3bd7c7624c1b49c652ef8,False,1
0x35a18000230da775cac24873d00ff85bccded550,False,1
0x922018674c12a7f0d394ebeef9b58f186cde13c1,False,1
0xfed77055b40d63dcf17ab250ffd6948fbff57b82,False,1
0xb95ebbf2a9fc64e4dc4d6951a60bc4d3c8f55b9d,False,1
0x7fc66500c84a76ad7e9c93437bfc5ac33e2ddae9,False,1
0x5134d1c820fec6e9727d4496d6e102b9f64231f5,False,1
0x2e703d658f8dd21709a7b458967ab4081f8d3d05,False,1
0xf366005f71f63cdec1be2a2f2ae9a5bb807e0da4,False,1
0x5fda1bb20918e579793b737cd4d72e1e2e7e83e7,False,1
0xc5cacb708425961594b63ec171f4df27a9c0d8c9,False,1
0xc42b4eae71ec4ab7b8328e7e3140ae03ea5c9b98,False,1
0xa2297f52deb556fc73db26a6b45e71ce38f12238,False,1
0xfe7f0897239ce9cc6645d9323e6fe428591b821c,False,1
0x2fcc6f96418764439f8dc26af559ed5cddaeefac,False,1
0x9509665d015bfe3c77aa5ad6ca20c8afa1d98989,False,1
0x0a87c89b5007ff406ab5280abdd80fc495ec238e,False,1
0x8f5adc58b32d4e5ca02eac0e293d35855999436c,False,1
0x25550cccbd68533fa04bfd3e3ac4d09f9e00fc50,False,1
0xebc44681c125d63210a33d30c55fd3d37762675b,False,1
0x17e76d3fcf40fa8acffdffe192bf4e8fb264d9fb,False,1
0x000000000000084e91743124a982076c59f10084,False,1
0x2bcd929283ad0ee603e743412ddb214b91fbab88,False,1
0x29b94b045a0b828d9eb99136a16d97c7ff3d2600,False,1
0xf657bb6bc979bf34d49e38afba34d5fd2a45b0ca,False,1
0x3ba0319533c578527ae69bf7fa2d289f20b9b55c,False,1
0xe7d324b2677440608fb871981b220eca062c3fbf,False,1
0x9258a9f34ce965d2d643658a3e23aecc70f94f35,False,1
0xd1a20a0e916d1d209bafc2a9d5b5ea1e01f098f0,False,1
0xacd9f0e77ae1fa8c3c0ba9c031839feaa0c8ead0,False,1
0x6fe6e08324b578e8e4980821fa09a93ca87ece98,False,1
0x0eacfb89cfc145d10235864d5445616e0a2b7cf5,False,1
0x58c9bf0f12c0f5381796931636501c0752f63f78,False,1
0x432fa8c90c328e9035ecb99bf3a5df82548cd542,False,1
0x052aff2ee98ea93e34b998633613ca2af297f50c,False,1
0x822ba7068127a23638422a414e024d7056cd1df5,False,1
0x37fa0ddd61decc160ba287d5379e3b92ed056771,False,1
0x9542fafb9f35a8c25af40cb4e2907997933b2431,False,1
0xe16e73554a8dfdd21b750395b97fa1c83e70e13a,False,1
0x1f3d546455667b077d1d239a668bb4feb2dcc2c2,False,1
0x5705f2cb3f027159ee387e7f846971645c360d1b,False,1
0x1ef1379ec4cfa88c87eed79bb4c749f687a65aaa,False,1
0x6aaeba8f7656023a9f5b3c38b5b9fa6f54fd32cf,False,1
0x29ba4e48cfd08d67317025d005054d44c8e22ff7,False,1
0xcb280ed9aa8702e781d51d03d4636f58e22d6ad0,False,1
0x7e6ba56ed0172ae14f3734a2b9c1a575360d5099,False,1
0xb14b8a05bbfdebf2e24a083f1982569e916fe3eb,False,1
0xf7c7334ce5d19423b1f9fd780592db72bdaa2373,False,1
0xdeacad0a552c0f7d31d4a378d969b87ffb1dac68,False,1
0x0fa0c7f9b0a2e974e50d52e8e02eb16cc6152e42,False,1
0x033cec6f8828011446e876a2fd3e55ec9ba02daa,False,1
0x78a59d5e0755b1ebd23396731c65c3fd740b62f1,False,1
0x3db2cac3826df2cceda00b0da230160661ec9c55,False,1
0x062b619346dd2ba092659014f1535616524c7e23,False,1
0x23c4e704fe3fade7a9d325d8b21c51843108d638,False,1
0x809d53db6779fc59af7e9ea2c03d9d825b8814da,False,1
0xabd8eafb0a8ed496bae616ef800a5e32da467738,False,1
0xc5cfada84e902ad92dd40194f0883ad49639b023,False,1
0x15a91a091648162a042bced9c9c407835fd779e9,False,1
0xfef0d2f3a79b4338d8418003dd9df89281242063,False,1
0xd88b94128ff2b8cf2d7886cd1c1e46757418ca2a,False,1
0x79b6c6f8634ea477ed725ec23b7b6fcb41f00e58,False,1
0xe00f7b744ab8333d64ed940dd36ed9398d8edbd2,False,1
0x91a32cf2580536416e3ca50da16a36240e7b114b,False,1
0x57f0b53926dd62f2e26bc40b30140abea474da94,False,1
0xec99993073a1b4fea5437375f7273d616ee4fd88,False,1
0x297d4d14915ea519019ffa6e814396a91dd52cf7,False,1
0xcdcd3febabbb23ad07eda457140e9c0400c70a9a,False,1
0x1a73430e820312e392b514cfc9f4d48d16d2abbb,False,1
0xef0cf4c19ba41dca1b7a02f72f663ea40256c50d,False,1
0x382446694c424fb36f5d6c1fc271b4ee33a53aa5,False,1
0x4014fa36137ab9417fb3c43fbe887331ae36467b,False,1
0x0f790a6a5417f8caad9aac46b7ac63caa752046a,False,1
0x0be6bca50189998e095555d7e0dc2ceda08d7a9e,False,1
0x881d40237659c251811cec9c364ef91dc08d300c,False,1
0x74de5d4fcbf63e00296fd95d33236b9794016631,False,1
0x44d6e8933f8271abcf253c72f9ed7e0e4c0323b3,False,1
0x87e3fdc9ccf9ee2e6ca9215a9e836d857fbdc704,False,1
0x729cd6226751279030757f61b2cac4798c949fa1,False,1
0x8e8436ee8595934833a9ddc972914a6f480b4371,False,1
0x5ae3e85b46107f4f40d13124bbe93bff87e551c3,False,1
0x6df09e975c830ecae5bd4ed9d90f3a95a4f88012,False,1
0xa36972e347e538e6c7afb9f44fb10dda7bba9ba2,False,1
0x255ca4596a963883afe0ef9c85ea071cc050128b,False,1
0x9b18975e64763bda591618cdf02d2f14a9875981,False,1
0xdf36944e720cf5af30a3c5d80d36db5fb71dde40,False,1
0x93ea6ec350ace7473f7694d43dec2726a515e31a,False,1
0x6d19b2bf3a36a61530909ae65445a906d98a2fa8,False,1
0xaa448eff88b1e752d50b87220b543d79eac15a0e,False,1
0x76b16769095a2e2a8e5367e15d752d27b30d8b05,False,1
0x6474cf672153a4edce26f788ed8820605d1f7125,False,1
0x7465ca5fb0e54774cac74762b078205e33ac9141,False,1
0x9be89d2a4cd102d8fecc6bf9da793be995c22541,False,1
0xf6d5137cfa2c5f23530a0fce66056b12b985554d,False,1
0x0000000000007f150bd6f54c40a34d7c3d5e9f56,False,1
0x2e2a33ceca9aef101d679ed058368ac994118e7a,False,1
0x0d0b48d39511aa8029957cfa4fa2ffa4b447283b,False,1
0x5abab07487d001a4072d08721a44208ca5ca54f4,False,1
0xb936525a77ba0529f6c0feab28f8b0ae6c0398c7,False,1
0x240f42f2b096b5f2fcf351c9dcdda307a0c835ff,False,1
0xb8db34f834e9df42f2002ceb7b829dad89d08e14,False,1
0xa295cfc86e2d40f7b7036a36a976b598c80671bc,False,1
0x41f122b7ce951f32457bb0e7768f2907ace2ef27,False,1
0x372226e23f02e3e7a9a7bf4bf48922a9915a598d,False,1
0xee5b21367146aba95fe3dafe837842e1c48945fa,False,1
0xbba3c74a006f199193645e35a936b75b605cb2bc,False,1
0xd1d658d8c9ff3513f963cda3f8e96f1c1f2eb3af,False,1
0x6150343e0f43a17519c0327c41edd9ebe88d01ef,False,1
0x674bdf20a0f284d710bc40872100128e2d66bd3f,False,1
0x0baba1ad5be3a5c0a66e7ac838a129bf948f1ea4,False,1
0x7d86446ddb609ed0f5f8684acf30380a356b2b4c,False,1
0x9dafec62c3ef9cf8add8532ff339b991a30f421d,False,1
0xcb6768a968440187157cfe13b67cac82ef6cc5a4,False,1
0xb8764906a51d7db201d42b140f8c95fe8c0d2da2,False,1
0xe89235e0ad6e0d5a630b8658d06d4490c8997ad9,False,1
0x191c0becf25f5568fddbd7f5a312d79b3c7236fe,False,1
0xf2d87e37ea1e54c7aa913d2447a5f69f61c114cf,False,1
0xea8ddc2f50626f1f8f8c11242d1876710d65ff44,False,1
0x3832d2f059e55934220881f831be501d180671a7,False,1
0x111111125434b319222cdbf8c261674adb56f3ae,False,1
0x00000063f648c943346d2a239f0969bad32ff184,False,1
0x95a4492f028aa1fd432ea71146b433e7b4446611,False,1
0xe30835d2f659fc5100b5a588d0c42199638f7220,False,1
0x1d36d59e5a22cb51b30bb6fa73b62d73f4a11745,False,1
0xb9ae860baf9d2708f616c226a13303c5aba5c513,False,1
0x8e678b655a6b6e7f31747557a6a90a529b67a990,False,1
0xb89cf3528a3a62c2f58bdbcfd7c15312a33ce91d,False,1
0xcd2247b2f1ba18dc1373c75b421930e54ac0c4a7,False,1
0x7ad8c6130dbc91dc402b3f0e876976034169be44,False,1
0xdbb0ed37a0e6db1c1fe3b21350f69a6114b88d02,False,1
0x4082d11e506e3250009a991061acd2176077c88f,False,1
0x0000000000000eb4ec62758aae93400b3e5f7f18,False,1
0xdb971b18ea5075734cec1241732cc1b41031dfc9,False,1
0xc3faa8e87cd7b3678fa10c0f9638eb4ba7da20c5,False,1
0xcfd53eff4871b93ed7405f3f428c25f3bf60bbea,False,1
0x017788dded30fdd859d295b90d4e41a19393f423,False,1
0x0000000476fde29330084b2b0b08a9f7d2ac6f2b,False,1
0x5a5299760339c60d5b96bcf33ba6066fd4a3ab08,False,1
0xc035eadee5ef76575b6191e760ae9fdd5ad30ef3,False,1
0xc3e3a97f622736b0eda8e0ed9f5d772b334ff543,False,1
0xc191637e72c59c2060e73e89b6e26e64204d8105,False,1
0x0bff34272af650632236703a3d6d8e3c133421cb,False,1
0x608669d4914eec1e20408bc4c9efff27bb8cbde5,False,1
0x499a865ac595e6167482d2bd5a224876bab85ab4,False,1
0xbfb110596a6a27c098ff5d437ed00487c67b9689,False,1
0xc672e12bb517876b3cd0d83290927d34eb5e5c24,False,1
0x67132884dc6d551bc75047ce5c3a3e7bcd6c8faf,False,1
0x96551e0efa47d498407ba179fd8f04a87acc7094,False,1
0x645ba45dbe3c6942c812a46f9ee8115c89b524ec,False,1
0x4c8afe33affa2dfb6e7628edae3b95ff6087cb02,False,1
0x10a0847c2d170008ddca7c3a688124f493630032,False,1
0xcafeae915ee47191fb14782f71c515a840d1f2c9,False,1
0x0000005c9426e6910f22f0c00ed3690a4884dd6e,False,1
0xed1f5f8724cc185d4e48a71a7fac64fa5216e4a8,False,1
0xcd4ec7b66fbc029c116ba9ffb3e59351c20b5b06,False,1
0xa50ba011c48153de246e5192c8f9258a2ba79ca9,False,1
0x6c42e251f24e92966b7835e353f6d6505d430304,False,1
0xc340ef96449514cea4dfa11d847a06d7f03d437c,False,1
0x673696fd759618bd1937051f46db672940d1129c,False,1
0xad73d368f2f8d49dfd3fea82ddfd675889c31077,False,1
0x2e11558316df8dde1130d81bdd8535f15f70b23d,False,1
0x5b0e9ff11aae806067787d380967900551919c0d,False,1
0x6bf977ed1a09214e6209f4ea5f525261f1a2690a,False,1
0x70a87e1b97436d2f194b8b9ebf337bfc7521c70f,False,1
0xed124156a7ea9f291262d34b9d8891bbc162357f,False,1
0x86debf1adf201883d467cc9b636cc8a8658fb989,False,1
0xc5bc719e972e84fd98e122308a33b8da1db118ea,False,1
0x33d53383314190b0b885d1b6913b5a50e2d3a639,False,1
0xd86f07e5d9e391fae521b4b000b7ce639d167425,False,1
0xee548f24b3596cc38ec1102200671c5372a576f6,False,1
0x9cd43309c9e122a13b466391babc5dec8be1e01e,False,1
0x067d4d3ce63450e74f880f86b5b52ea3edf9db0f,False,1
0x9569d4cd7ac5b010da5697e952efb1ec0efb0d0a,False,1
0xbc2bebf0cd47de6d21f8996162e40c4a68808ef9,False,1
0x07150e919b4de5fd6a63de1f9384828396f25fdc,False,1
0x6d075df51cdf493fb3aa09f33166a9815339b206,False,1
0x172e45e4527484ea184f017898102d5e0e94dc88,False,1
0x8a32f49ffba88aba6eff96f45d8bd1d4b3f35c7d,False,1
0x879a2fcba58177943fee56e9f53332cdcb55a2f8,False,1
0xb53c1a33016b2dc2ff3653530bff1848a515c8c5,False,1
0x7d2768de32b0b80b7a3454c06bdac94a69ddc7a9,False,1
0x8a36603a2a66182c9f1f81d22b7b95ff8deed432,False,1
0x8f1a8f82d7277de222c6ab40ce85f52ad9e12757,False,1
0xd23a44eb2db8ad0817c994d3533528c030279f7c,False,1
0x4e750a23ddd33e2b977b19dbd014c764f074e3c2,False,1
0x26d40544447f68a3de69005822195549934624b9,False,1
0xfffe32106a68aa3ed39ccce673b646423eeab62a,False,1
0x3b2a77058a1eb4403a90b94585fab16bc512e703,False,1
0xa0e7a1cd95978789e7da249b9211f826fb3bbc82,False,1
0x8cae0596bc1ed42dc3f04c4506cfe442b3e74e27,False,1
0xa558ea1a875f8b576f0728d32c39f62158e49b92,False,1
0xea21131dd100978e23a5ad9f885759acb763fe36,False,1
0x802bb38676b6e79c393a3e3ec73b8af63578188a,False,1
0x303a0b6a6adf394f296a641022cf5b250011208d,False,1
0x4ce076b9dd956196b814e54e1714338f18fde3f4,False,1
0xfd71623d7f41360aefe200de4f17e20a29e1d58c,False,1
0xb9d7cb55f463405cdfbe4e90a6d2df01c2b92bf1,False,1
0x9ff58f4ffb29fa2266ab25e75e2a8b3503311656,False,1
0x030ba81f1c18d280636f32af80b9aad02cf0854e,False,1
0x4e977830ba4bd783c0bb7f15d3e243f73ff57121,False,1
0xf63b34710400cad3e044cffdcab00a0f32e33ecf,False,1
0x5165d24277cd063f5ac44efd447b27025e888f37,False,1
0xca823f78c2dd38993284bb42ba9b14152082f7bd,False,1
0x7ebd09022be45ad993baa1cec61166fcc8644d97,False,1
0xdcd33426ba191383f1c9b431a342498fdac73488,False,1
0x72505218aa52dada3a993e586f05838662b6c90f,False,1
0x9e1e427644cb490cb3c0a7e3af0e32da1e1a116b,False,1
0x5b09e578cfeaa23f1b11127a658855434e4f3e09,False,1
0xb2740f16197c4a6b28769ff262adf634dad9b8c4,False,1
0xffc97d72e13e01096502cb8eb52dee56f74dad7b,False,1
0xa361718326c15715591c299427c62086f69923d9,False,1
0x4a7a63909a72d268b1d8a93a9395d098688e0e5c,False,1
0xba429f7011c9fa04cdd46a2da24dc0ff0ac6099c,False,1
0x028171bca77440897b824ca71d1c56cac55b68a3,False,1
0x778a13d3eeb110a4f7bb6529f99c000119a08e92,False,1
0x6c3c78838c761c6ac7be9f59fe808ea2a6e4379d,False,1
0xa06bc25b5805d5f8d82847d191cb4af5a3e873e0,False,1
0x35f6b052c598d933d69a4eec4d04c73a191fe6c2,False,1
0xbcca60bb61934080951369a648fb03df4f96263c,False,1
0xe4922afab0bbadd8ab2a88e0c79d884ad337fca6,False,1
0x619beb58998ed2278e08620f97007e1116d5d25b,False,1
0x5636ce3c160c67509957acbd245f486f05d5968c,False,1
0x4352a94ccb3ea07e16734f66a94e94e474a50b5f,False,1
0x273d0f686a53a49a0fba2a801566b19f9aaf8fcd,False,1
0xa7ece0911fe8c60bff9e99f8fafcdbe56e07aff1,False,1
0x95cc0c3f46ae97b959d5ffa02f0881c1994ee39d,False,1
0xffde4785e980a99fe10e6a87a67d243664b91b25,False,1
0x8cabfeabcbda67af1b1203f25e7aa306a7893d3b,False,1
0x495f947276749ce646f68ac8c248420045cb7b5e,False,1
0x8f307daf5b3ff24e2035573c86f95b8d148f63bc,False,1
0x4638a7ebe75b911b995d0ec73a81e4f85f41f24e,False,1
0x92b30e2b504c4afbbf518db8c74de5cdfbed369d,False,1
0xc4bdbcf0b6593039617999f266765df1de2564bb,False,1
0xfbddadd80fe7bda00b901fbaf73803f2238ae655,False,1
0x53ca51ba980b6475c13d158c1825013cf81038fc,False,1
0x2191ccb37c110d3e439c4ad38a30b8d0db321f2a,False,1
0xb9d076fde463dbc9f915e5392f807315bf940334,False,1
0x085a9340ff7692ab6703f17ab5ffc917b580a6fd,False,1
0xe22bbd638b24165206314f999ae27fec9e70dcf6,False,1
0x025b275dd3b79dc3b79e3f60d0a46516d2396059,False,1
0xe5e5b072725acbbd789da7a4324f4165a45a6409,False,1
0x7662f4484315eb5ad0e94662159f0c2850a4b3a7,False,1
0x255a521a812c3a106206431fe22541d908d9ac19,False,1
0xbb791bc6106e4d949863e2ab76fc01ac0a9d7816,False,1
0xe56bd7e8c8cf571a10c1043875d333b1794f5825,False,1
0x8c9f364bf7a56ed058fc63ef81c6cf09c833e656,False,1
0x5cf1c8b742bc22ae788dce4939ed67fce6c23b46,False,1
0xfa6de2697d59e88ed7fc4dfe5a33dac43565ea41,False,1
0x1ddd8eb4d2738309e8fc16bcdfcdf30b813b9ef8,False,1
0x13084c00f4f9b31896cae4aa75f9aca60ef41b2e,False,1
0xcc3167d9eb2c195118422c60deeb57393e717fa3,False,1
0x4b182469337d46e6603ed7e26ba60c56930a342c,False,1
0x3fde2e025defa2138104a45b474027302d1f03b4,False,1
0x05659fc98bc517400cfd4f25cb6812a8e9a26c50,False,1
0x57b08578bc9d93e30d2052ac9bf6aeaecd0199c9,False,1
0xf94b5c5651c888d928439ab6514b93944eee6f48,False,1
0x528e099b71d211286dbe27918e9365a2c1ba200f,False,1
0x7f249dbd212158e1ac449f0a37ca956c8186ac80,False,1
0x000000000ddff3ce6638c1f1a1448a7d243b6cc8,False,1
0xf284c4ce7dbfe57e334b9a774c5513962b78d081,False,1
0x4e1118c739b3efa18d45ee145c0c90e672194470,False,1
0xabec184fc5c964738f9d799d8c4d1559ac9387b7,False,1
0xaec922951f1d7361b8e0ae4bdb22ad47ce32d791,False,1
0x81658ed5795d5216087f6900a1a00c08012a6264,False,1
0xe72fd126e9d032e92959fdec794f3904b299b573,False,1
0x3bcf4560ebd989a94743b493ee62dd2ff140c99b,False,1
0xe378e2cd0fca2dda6cc56243ea75c0d438b38797,False,1
0x07215c95456114637a8a952b6785f78e878f701b,False,1
0x969025a0395f1283caa6acc292e28b898bd7379a,False,1
0xeec92c01c5ba99620cc801f8c3d50af7ddeffd49,False,1
0x7cdc0421469398e0f3aa8890693d86c840ac8931,False,1
0xacf24f656492992b4107cc850d57484cc72c48a2,False,1
0x89fd25dc5ea7a7f9a05c429a636831cb48d91f4c,False,1
0x68867aadbb5007900da6d938f34207bd1bafdee3,False,1
0x3a56c4ee33c18fbb26f506ae62c7899758318cf3,False,1
0x1c14052e535f47e041091d8de61f352cfd0d37c7,False,1
0xecada5efb9ab8b520efa8f00bbf3d42f49be6cec,False,1
0x895c75efea36658c2fb452202743208d3d802f34,False,1
0x727fc6c510f5c5dcba136471b2451baff0be4078,False,1
0xa29367a3f057f3191b62bd4055845a33411892b6,False,1
0xda2c338350a0e59ce71cdced9679a3a590dd9bec,False,1
0x890f4e345b1daed0367a877a1612f86a1f86985f,False,1
0xe4ff95557f9aba07507ac0851a54c1244be4b723,False,1
0x81d387219627833452f3d615a76b2eaa71383a5b,False,1
0x71f85b2e46976bd21302b64329868fd15eb0d127,False,1
0x23880b67c06cc3be970c4668e2923682917acbf8,False,1
0x1920d646574e097c2c487f69f40814f95d45bf8c,False,1
0xb8ffc3cd6e7cf5a098a1c92f48009765b24088dc,False,1
0xf73a1260d222f447210581ddf212d915c09a3249,False,1
0x50e5ab163d25007a1689ed2139d2dcd30a104834,False,1
0x9100ffce08b967669bdcd130016e14e91e38c09a,False,1
0x331d2f676c0eb42c3ac39a0e8038771ea8a665b0,False,1
0x2e9e9935cf376c040132800af884aaf6b8d431d0,False,1
0x225a6313e0d13d0f8c87a661ddc6923b53d0509a,False,1
0x6a2e6510b2bbf8c9ad7bc817d0dc711711e8d747,False,1
0xf1a6bed23411d709069ddbd55a04700f9493476f,False,1
0x16ea3af6dac045e809ac6833d8e6d07f05c3e99e,False,1
0x0000000006a0403952389b70d8ee4e45479023db,False,1
0x929cf614c917944dd278bc2134714eaa4121bc6a,False,1
0xbac6528544501b692701204c948164c04b5f2608,False,1
0x53466a575fe1beba1f49f557d9817a6996f25694,False,1
0xda6b746b76fdc8424764d6981e9ef5c3b13a56af,False,1
0x330c9ff5649315ecae25c21a071912908c61c970,False,1
0xca30a22321a9e75626e6a0645186559507bf9d5b,False,1
0xbe7616b06f71e363a310aa8ce8ad99654401ead7,False,1
0xeae736e5d6560169f9285c62492f8a89fb4ab790,False,1
0xf5543cdd5f551635e13ebe07e47d01d0fc9cbbd5,False,1
0xc6845a5c768bf8d7681249f8927877efda425baf,False,1
0x39c4a92dc506300c3ea4c67ca4ca611102ee6f2a,False,1
0x2ac0fd04696e0d1babf3130b3d38c159d4eaa9e9,False,1
0x18d6e366d854d73ca9c5a557ef79ccfaa732ab7b,False,1
0xd30c5e98001fd7389199590381dd20bc01c8530f,False,1
0x5ce5174d7442061135ea849970ffc7763920e0fd,False,1
0x846f271627b970773b235afb11fe0fcf12206c86,False,1
0xeebec7874f46c4452610a11fa6be0264f7f0557f,False,1
0x2253844bed978230f662556d4e0d26462e8214e7,False,1
0xd53d53667a2ac6b78eda79ce39a794a9e23f9bdf,False,1
0xb9fb8a22908c570c09a4dbf5f89b87f9d91fbf4a,False,1
0x7a08ed5862ba4c2887ef169a17637eadb27beecf,False,1
0x823be81bbf96bec0e25ca13170f5aacb5b79ba83,False,1
0xd69b189020ef614796578afe4d10378c5e7e1138,False,1
0x28d8458c76c7029257baa10f86e9da7481c513fb,False,1
0x6e6a43a8148b5c54a94c044a835476d3f3f4d59a,False,1
0x611abc0e066a01aff63910fc8935d164267ec6cf,False,1
0x12c815b0c404d66dd0491f4ec62839904cec25e7,False,1
0x6c85c5198c3cc4db1b87cb43b2674241a30f4845,False,1
0xdb91e4b3b6e19bf22e810c43273eae48c9037e74,False,1
0x87641989057242bff28d0d6108d007c79774d06f,False,1
0x573e5105c4b92416d1544a188f1bf77d442bb52d,False,1
0xfd35c0e9706a669d7be9b2d9c69ae2927f1071db,False,1
0x067e398605e84f2d0aeec1806e62768c5110dcc6,False,1
0x78a05fda97c8458f07e03583fdaf05ff6ee4f6c9,False,1
0xc4a8b7e29e3c8ec560cd4945c1cf3461a85a148d,False,1
0x2ec255797fef7669fa243509b7a599121148ffba,False,1
0x94bc2a1c732bcad7343b25af48385fe76e08734f,False,1
0xa218543cc21ee9388fa1e509f950fd127ca82155,False,1
0x000000370531eee8149ed162d387aad537899ac7,False,1
0x0874c27e9561b178cdad3aa02936fd6d0224c145,False,1
0xe829667b5b3958ff6ce479d8e2c80412f7299225,False,1
0xd7327cc23a282532ac961c268fa26127176f044f,False,1
0x80a861e3e08bbc2afd33d2f9885423a7addeb8e1,False,1
0x9bb44cf38bf5d16cabbda52edb8a5513dcec6138,False,1
0x101acb5951f56885316c3e932a3e47eac2f74c4a,False,1
0x174150478891bdd4eaefab50fb24b9126f289fa6,False,1
0xb2d6fb1dc231f97f8cc89467b52f7c4f78484044,False,1
0x758a43ee2bff8230eeb784879cdcff4828f2544d,False,1
0x4d57db062099add5fc3881eb6d3639c2aae9ae12,False,1
0x04a39fb8d3c74745ba0e40248d01b893a4835845,False,1
0xaf5c23a6462b68573e0600aa3f7d64a7d0fb10c6,False,1
0x44a6b44320e110d81b155f7cda0880a07d952fe5,False,1
0xf7752941cb46785a51b23859deb36fdf1e18af4d,False,1
0xe069cb01d06ba617bcdf789bf2ff0d5e5ca20c71,False,1
0x34f24991234067b63149d34691b5c17641afe60c,False,1
0xd12ff490eed822924f022ded3d272f3eebd3859e,False,1
0x024d43ac1dac185a888daa567b78b241e4eda9c3,False,1
0x0f4aab28947725f25a863d1ec09858ec0ac43dfc,False,1
0xe545097e7a47f1e007b0a998e8a00741b9477b20,False,1
0x674d4a53c708017d9c8337c714a7e09007f5b323,False,1
0x188a084a62e60d22682c6000821df70aa292bb61,False,1
0xfb64597dda1345317a4f4f5dba2425384bc5fa7b,False,1
0x2f251d32d024938c4f98cfb8b22a2d1af0d3167a,False,1
0xa40f333f7f5fa17810c4f98ed1a4061854f0294d,False,1
0xfef1bcc7097dd184b2cdb574068cf01b7b437694,False,1
0x8e861153324024a2f3b26912b498f0c531830198,False,1
0x192376b6433164dc4bf64319e6443011a6e84235,False,1
0x7c0540852e552c2f6b981e89d2388e98935f9f4d,False,1
0xd1de064281745f576eba9cbff251ab031a0b8e99,False,1
0x9d9418803f042ccd7647209b0ffd617981d5c619,False,1
0x14e33e1d6cc4d83d7476492c0a52b3d4f869d892,False,1
0x60ad22806b89dd17b2ecfe220c3712a2c86dfffe,False,1
0x390b494e1f6a3598723143ae6f339110938eb853,False,1
0xb08075e7ccaac523834fcb5c6add62d8ab6d9ee3,False,1
0xd416db1143303955f2cf06d3b42dd8bd9978c460,False,1
0x22679ac0ad8f9b137ba2d9ddf733b1d658f99972,False,1
0x0574c34385b039c2bb8db898f61b7767024a9449,False,1
0x5468441cfcc52d2a2e504d1d6b0068bf7a6f59fc,False,1
0x267eb1c74f3d3a8351e9915695a9bd6b5ac2caa6,False,1
0xe808febaa9a66143fb3de358dc8191ab70a979f9,False,1
0x1ef25079fb3f74856a31ef45dd925d203b168721,False,1
0xaf26d7549968bbbe6c5cc606065bcf9c77a09f08,False,1
0x107461bba6b25be531503579432e27bc32e13d32,False,1
0xcf9d920e4a59554857dc465d6e161095bec27449,False,1
0xe5bfab544eca83849c53464f85b7164375bdaac1,False,1
0xabefbc9fd2f806065b4f3c237d4b59d9a97bcac7,False,1
0x328c2c2b6e66711ec76dc4a2985450730275ce15,False,1
0x5eaa6940adb2be2ffe6015dcbec14b9d111e7bc6,False,1
0x92952418c2fb97c250db4e1f391d8f1cbc9af3af,False,1
0xc349b49cf4a7986f27d22a37218b332b9842bbcb,False,1
0x33660fbb4955e1c6088aff36ea9595b4ce5d6975,False,1
0x62ca3b098265a91d75bbf4e189cd876940e4c376,False,1
0xe963e03d53b48f14de4f88b51b9601e01e338a68,False,1
0xa7c09d8f636afd0a36126783cc3ce252d493847b,False,1
0xc1f5b54de0fa9b6c1f3f9ab759b06e8327da787a,False,1
0x7b2523a649d72ea43a9851c56472cadaa9cb42a5,False,1
0x96a4d220c42aaa7f5902be4069434d6a7e179cf1,False,1
0x1358302156d42cfbde34449d6e1702aba29c679f,False,1
0x9eee9732cc336898538d673f99f9881a05cb0178,False,1
0xc6b2f2fd99eaa3c11363d6503dedd77cea17fc16,False,1
0x8e4853aa70db4e0bc4dabb955b82a2446e6ff68e,False,1
0x0f12c44554beaebc276a10f7ec7138d44d77e06e,False,1
0x7e5f4e26a3a76a6c8cd34702dc4b93e70d3cadc5,False,1
0xf238b0da607f4b91b6cea78bb1fb8c3d0ebb056f,False,1
0xd9c96e4c07d2f9dee44111f5eb9c4b20988203b0,False,1
0x4a9bf348ccd73c2f252c76b6838532d46e768b43,False,1
0x4145a3763b35e5f5536b44a9fbc7135956a7412c,False,1
0x1f22e5c220de3229d67971acdeac8d46677cf942,False,1
0x1b89aef1f5046c88f750bcf7df73157fabc0544b,False,1
0xb87078a796a04d49cf025252241f5e1707fdeb5a,False,1
0x24520e638df7fc5042abdc63df638ae06fcc2a22,False,1
0xf2d3e7d0d835a5b8d664343f34fd31cc6109aafc,False,1
0xfe78309d6fbcb159863df2e9540f04306f2a7bb5,False,1
0x433d310cfe5e32da5b5c9345510d714c81471797,False,1
0xc677622706311ab2bb399e6e528eb72b6d6ed711,False,1
0xa7acab8014f95fc133def86ca2eb4534c5fd4dd0,False,1
0x4922ec722af3b0972b473265d6f2371c2d824b34,False,1
0x6de6cc604a6c59b45aa2e642eaf3aebc38731a03,False,1
0x0c4e16899f2059f4e41ddb164317414a5c0d2988,False,1
0xbaf9a5d4b0052359326a6cdab54babaa3a3a9643,False,1
0xf9b30557afcf76ea82c04015d80057fa2147dfa9,False,1
0xcda72070e455bb31c7690a170224ce43623d0b6f,False,1
0xdcd90c7f6324cfa40d7169ef80b12031770b4325,False,1
0x778d2d3e3515e42573eb1e6a8d8915d4a22d9d54,False,1
0x0decf74c966438c3b4578b46dcc64c907141f670,False,1
0xbe5b5a7c198bc156474ed5c33cbf2f3f604f8ff8,False,1
0x5c8344bcdc38f1ab5eb5c1d4a35ddeea522b5dfa,False,1
0x4d246be90c2f36730bb853ad41d0a189061192d3,False,1
0x33e71e649abdc09f650ad44139674828a2075ad2,False,1
0x8407dc57739bcda7aa53ca6f12f82f9d51c2f21e,False,1
0x1a2a1c938ce3ec39b6d47113c7955baa9dd454f2,False,1
0xbafe3cb0e563e914806a99d547bdbf2cfcf5fdf6,False,1
0x09d8a3d88f07e39a44c904c465b922dfd4b68929,False,1
0xde92742213fea5f78c6840b6ecbf214115ea8002,False,1
0x35ffd6e268610e764ff6944d07760d0efe5e40e5,False,1
0x20db4c62bc126efb6a6c1b6903611b7ccff330fe,False,1
0xefaa6370a2ebdc47b12dbfb5a07f91a3182b5684,False,1
0x8df6084e3b84a65ab9dd2325b5422e5debd8944a,False,1
0x1c86b3cdf2a60ae3a574f7f71d44e2c50bddb87e,False,1
0x97767d7d04fd0db0a1a2478dcd4ba85290556b48,False,1
0x0000006daea1723962647b7e189d311d757fb793,False,1
0xf7686cf0d88b3c1b474ec76735b4e94a0c3a28f3,False,1
0x3a856d4effa670c54585a5d523e96513e148e95d,False,1
0x5cbe98480a790554403694b98bff71a525907f5d,False,1
0xc9d49c0586957c0171201920e73bd98a4c3ca4af,False,1
0x244a015f4575a74f589cd0f38225c997c761a95a,False,1
0x3700006fbcde59a8b3af2c134d00e9530000e379,False,1
0x2cffa178b1ff6fecef7d09c128eb522eec50b8d1,False,1
0x2f70f6d864f8f597a0ef57addf24323dfab5797f,False,1
0x165dfa76dfd3f6ad6ad614ae4566c2e9262e532f,False,1
0x9d3fdf9b4782753d12f6262bf22b6322608962b8,False,1
0x2c543ebd91dab7be40edb671d48cedf35a75e157,False,1
0x02ecef526f806f06357659ffd14834fe82ef4b04,False,1
0x27c229937745d697d28fc7853d1bfea7331edf56,False,1
0x8eca806aecc86ce90da803b080ca4e3a9b8097ad,False,1
0xd7d983e50cb06892270f34382ad3017dad73e5db,False,1
0x88df592f8eb5d7bd38bfef7deb0fbc02cf3778a0,False,1
0x0eed07ced0c8c36d4a5bff44f2536422bb09be45,False,1
0x90cdbbb44143b87883287589c29eb869fc906e91,False,1
0x84654be796dad370032391d5479f8f1fd9ddd14e,False,1
0x059ffafdc6ef594230de44f824e2bd0a51ca5ded,False,1
0xffa397285ce46fb78c588a9e993286aac68c37cd,False,1
0x4d839a486ec0b1c9b0d9e9d397993ba5b150cb34,False,1
0xd054be48ae13a89a82744373f647a755df7cae17,False,1
0x0c7907d97b7f708ecda1a0b3124d32cd8b1e3920,False,1
0xd6947812a94e323608dcd4f84b835a586baf21eb,False,1
0x6fe5e7acfdfbdfc15d1f451308b889011a534570,False,1
0x04cde3a52a72c2d56923c94242bfc15a8d9d9e36,False,1
0x0959158b6040d32d04c301a72cbfd6b39e21c9ae,False,1
0x43b4fdfd4ff969587185cdb6f0bd875c5fc83f8c,False,1
0x75e58a2e1391a22110d72ebd2b059a80126a6b92,False,1
0xd0eeb34f443782f375302bdb66e432c51ecdae9f,False,1
0x6bfbacfdd75f2a4d2302d8ddb5a7cf9bb0289346,False,1
0xe6227e07c0dd1604f3c820ad779792bbe56a9ed8,False,1
0x5e9ea1989853b38dd8c55962146167b3c1e17dfd,False,1
0xbba12740de905707251525477bad74985dec46d2,False,1
0xe5bbbdb2bb953371841318e1edfbf727447cef2e,False,1
0x9534df8f2c9289bbdb0c736e9fef402b20f1828e,False,1
0x7104ac4abcecf1680f933b04c214b0c491d43ecc,False,1
0xd3fcd40153e56110e6eeae13e12530e26c9cb4fd,False,1
0xb3c9669a5706477a2b237d98edb9b57678926f04,False,1
0xa79f3e206265f510c7e23965f6f40b5d33b74523,False,1
0xdb38ae75c5f44276803345f7f02e95a0aeef5944,False,1
0x624128c9f71dc9ca6876f2f75d6e8f64899209d7,False,1
0x11111112542d85b3ef69ae05771c2dccff4faa26,False,1
0x8abb0156557c9d04a21b74c98f7a1e568fce9ce7,False,1
0x1055f60bbf27d233c4e34d2e03e35567427415fa,False,1
0x81076d6ff2620ea9dd7ba9c1015f0d09a3a732e6,False,1
0xdf0da6b3d19e4427852f2112d0a963d8a158e9c7,False,1
0x3d66d374cff558b9d988996786afb1eb6c31ef8b,False,1
0x8aee0a8a05a319bfca41ff2e95c48f3f86383211,False,1
0x77ed360e62ca6f2d1582f00da8b0b8489ca1e2e2,False,1
0x9123077acafb3d743c68418304b2a11566cc1175,False,1
0x6be34aef9bbfa8171889dbf72fc2516407cd1b03,False,1
0x5045b1c83ce8f7f6db5fe9b4a778f3e4d42d0809,False,1
0xb1fe32a3d762337a2fe8f0ea1b968f7cf3067988,False,1
0x153cddd727e407cb951f728f24beb9a5faaa8512,False,1
0x5b579b11881fb50f4ef2f0ecb0f7ce164a866ca0,False,1
0xd2742961d645218fbe0b50227c9b074d4fec4937,False,1
0x01d5dc56ad4206bb0c132d834644d57f51fed5ec,False,1
0xd8eeb76bf9fec7efe3772383d5f38fd02243e56c,False,1
0x6b247cd18b9922b85483e7a31ac9e6ee97ec34ce,False,1
0x4fb117dcd6d09abf1a99b502d488a99f5a17e7ec,False,1
0x087f35bd241e41fc28e43f0e8c58d283dd55bd65,False,1
0x89714d3ac9149426219a3568543200d1964101c4,False,1
0xfe5b6c2a87a976dce20130c423c679f4d6044cd7,False,1
0xaa5aa80e416f9d32ffe6c390e24410d02d203f70,False,1
0x07ab4886566b7ab782a9d627e8554db66fb06357,False,1
0xe9bdb4219706914441178bc8357e8551b53d8cbf,False,1
0x7c974cb7a28eb1d1f09d51cde17e6183257ea9a7,False,1
0x0fcbb36ed7908bd5952ca171584b74bbab283091,False,1
0x1bd435f3c054b6e901b7b108a0ab7617c808677b,False,1
0xf72c8e009d3ef4baf5bded445bc2ba635be8cac6,False,1
0xf4863028b093fdac9cf7fd67c0df6866ac3c7a60,False,1
0x45544abf5936deb78490d38ec42b80757d16c014,False,1
0x3cd408f736c1479affaafa48c037ee736582243d,False,1
0x8df51a9714ae6357a5b829cc8d677b43d7e8bd53,False,1
0x8d6d808ec1f8803b54e2286bd6992f5601fcf3a8,False,1
0x23d1b2755d6c243dfa9dd06624f1686b9c9e13eb,False,1
0x3dad8cf200799f82fd8eb68f608220d8f3ebf8de,False,1
0x42a5ed456650a09dc10ebc6361a7480fdd61f27b,False,1
0xf65b5c5104c4fafd4b709d9d60a185eae063276c,False,1
0x4e88662741eb3c7af27e9f30598216a2df4f44fa,False,1
0x5a7bb6adf00a1d6284773887fcadce079c636567,False,1
0x000000000029f5c1eee7c85c30c0e40197fbec9b,False,1
0xee890d26237511cfe8dde9ccb4b66e46ff7ed87b,False,1
0xb692af1cc6cfbb0ee8bf3028e82b8eb5dd7130d4,False,1
0xd784927ff2f95ba542bfc824c8a8a98f3495f6b5,False,1
0xd7ef99cfa0638f0e25167318d19b39f364d1d44d,False,1
0x204b4d8bf3c4c45c9058cc7515774f40290e48a5,False,1
0xc3426293be88c4616f4182061a3ea63bd2395fac,False,1
0x83d055d382f25e6793099713505c68a5c7535a35,False,1
0x585fd19eba8f1a81f37c5eb322fd4b8d911367e8,False,1
0xbc4ca0eda7647a8ab7c2061c2e118a18a936f13d,False,1
0xeb4e4b2615b4bcebe239acddf386b33624e419d1,False,1
0x1f57cc62113c3a6346882dcf3ed49120411ac2d2,False,1
0xa3b0e79935815730d942a444a84d4bd14a339553,False,1
0x3d31d91003f9327623caec2e326b6bc681bc3167,False,1
0xd270702a8344c4801afbd0951cf17a2798700046,False,1
0x9d58779365b067d5d3fcc6e92d237acd06f1e6a1,False,1
0x6656b8f2e248b8ee581003cba828b6d2a3f480cb,False,1
0x1a50be5dc5dd721f3e337816b23002c9c5e4b812,False,1
0xcca06cd29c61123d9d65b904b18174382380ca64,False,1
0x3223689b39db8a897a9a9f0907c8a75d42268787,False,1
0x4db2fa451e1051a013a42fad98b04c2ab81043af,False,1
0x9e822f6e5d4e61ddc89812834ba1c87c99671c89,False,1
0x42b38ca3e09c92ca82fa3659ca039188a6a076ac,False,1
0xe29bce72fd4977e5dcb2fdbbc7c399f3117f1338,False,1
0xea1aa8035b766562e2bea7e63a4a1949f2bea31b,False,1
0x3edbf7e027d280bcd8126a87f382941409364269,False,1
0x8a5f9072dff314de5533e41c0241f3fd66f2bddf,False,1
0xeab4e9ab4349a6cce9debb0e520568c0e70f28a9,False,1
0xf6a9244fd7ac79ec1030433a1f5e32c2bfedc059,False,1
0x8d7f04fbe8002f7d190e91f760a5a40e94fc1976,False,1
0x49d267c36d25cdcd8e35c2fa3d6828552aac19c8,False,1
0x0d9c8665f33d95c4499c30f1c381b642bf04ddaf,False,1
0x1e053d89e08c24aa2ce5c5b4206744dc2d7bd8f5,False,1
0x1d9816fbb17c5e51a28d71a17978990548c84ddd,False,1
0x296ac8fb39279bbcff6edc9fddf1d2f4aea1631b,False,1
0xb6bc1a713e4b11fa31480d31c825dcfd7e8fabfd,False,1
0xc4735e4b98564af2cf4270294f78525764a9146f,False,1
0xcd47e74a717b882efb54a3e17b59a5b1e31fd3c3,False,1
0x970e34ffcd32d8d514ef6a54ee53fa1b21087cba,False,1
0x97a308c426928ed25f3a37ddaece1678bbad498c,False,1
0x1aa46d372d6ee5ae75bf535fb0369afb72d06d04,False,1
0x230a4c7219a4fe65d1555d5cbe2b8c45845e0b5d,False,1
0x1f98431c8ad98523631ae4a59f267346ea31f984,False,1
0xb27308f9f90d607463bb33ea1bebb41c27ce5ab6,False,1
0xe592427a0aece92de3edee1f18e0157c05861564,False,1
0xa5644e29708357803b5a882d272c41cc0df92b34,False,1
0x6c6bc977e13df9b0de53b251522280bb72383700,False,1
0xc2e9f25be6257c210d7adf0d4cd6e3e881ba25f8,False,1
0xf20b338752976878754518183873602902360704,False,1
0xe6d9207df11c55bce2f7a189ae95e3222d5484d3,False,1
0x2bbb4abc672bc92821c99c7204afe8f25bdbc9e1,False,1
0x4e68ccd3e89f51c3074ca5072bbac773960dfa36,False,1
0xa6cc3c2531fdaa6ae1a3ca84c2855806728693e8,False,1
0x2efec2097beede290b2eed63e2faf5ecbbc528fc,False,1
0xefbd546647fda46067225bd0221e08ba91071584,False,1
0x2f62f2b4c5fcd7570a709dec05d68ea19c82a9ec,False,1
0x45f199b8af62ab2847f56d0d2866ea20da0c9bbc,False,1
0xc5af84701f98fa483ece78af83f11b6c38aca71d,False,1
0x5764a6f2212d502bc5970f9f129ffcd61e5d7563,False,1
0xc4580c566202f5343883d0c6a378a9de245c9399,False,1
0x69d91b94f0aaf8e8a2586909fa77a5c2c89818d5,False,1
0x211d30e2929dbfa4f8395fd1854a1b6e720ca011,False,1
0x88e6a0c2ddd26feeb64f039a2c41296fcb3f5640,False,1
0x11b815efb8f581194ae79006d24e0d814b7697f6,False,1
0xcd9dab5e666de980cecdc180cb31f296733e2587,False,1
0xc246467ab1466f4963ba45c335479b3055e82060,False,1
0xd0fc8ba7e267f2bc56044a7715a489d851dc6d78,False,1
0x1861c0e84f151c9476a1a7cfd3ca7fec2fa32aad,False,1
0x0000008cf69d25162321fed9f6789f2a5cade6bc,False,1
0x11318edbc68c733dbdc0889c2914bcd0c1d1c57e,False,1
0xb06e7ed37cfa8f0f2888355dd1913e45412798c5,False,1
0x3105d328c66d8d55092358cf595d54608178e9b5,False,1
0xb91411f60d55aa39152fa1455e64da4dd1cbd9da,False,1
0x9c48aaee3243a2e0c3b991386dc39f0027cf2ad7,False,1
0xe4cc5a22b39ffb0a56d67f94f9300db20d786a5f,False,1
0x6b576972de33bebde3a703bff52a091e79f8c87a,False,1
0xaca1decfd677d83d1953b26cee62784bc07a2b8f,False,1
0x22a80b1365b651eb61ed90f5d732be7735efc43f,False,1
0xd718cf7dff06b7952b65ad5f9d746303ad579e4e,False,1
0x5180545835bd68810fb7e11c7160bb7ea4ae8744,False,1
0x02d436dc483f445f63aac45b37db0ee661949842,False,1
0xf646cf2dcb0524f2b5d6b1f331512ec8d622c8d7,False,1
0x8305693a1c603b52dabdf69cfebe693a9c7bba57,False,1
0x172f856e5d94b9a7d27e1cddde0f3befefef4ac6,False,1
0xbbd3d226648c1a90096757830292febf6ffe50f1,False,1
0xbb4afefdd43310bfd5df9cdd65069ec64882b226,False,1
0xd8a0bcbe91fa7b1b1f269be3fdc1dfe273f632dc,False,1
0x56c205ebfc2cdb5ae622b117fd5c1af9aeb34458,False,1
0xfed436213adbf2804186608ba2752ca14961394b,False,1
0x3f02e55d068ac456acf8c92fdae441a46d57fbb9,False,1
0xa4c4829d9db099b3c252f29763e56d6d9c19099c,False,1
0x35613ec0c92e6fdb0836a2374d4e29d1cc7d739f,False,1
0x8caa2fbbee7b18a88fb19c229b60c4681ef59d71,False,1
0xd48e3d2bb8ab61b297a41d61fb13f8f487fc484e,False,1
0xb504b921fad857368deb2fe41b06e5900dce0f97,False,1
0x419501c75a2f70f3065903829cc0c5f992321881,False,1
0xd5facc4f48166644491524e1456b120d09be369c,False,1
0x9b8ff3c009e7120662f7208b90b1410d7f0dd9f7,False,1
0xd85b614ff026472a637902411d8aec03596fdf05,False,1
0x8cabac081fffe1e2b24b387f00d50e39bd968d25,False,1
0x8fd01ebdfad0eeecd552e54ef7a51eb5d81bddcb,False,1
